test_ID,test_file,success_on_attempt_#
764,test-generation-examples_tmp_tmptwyqofrp_IntegerSet_dafny_IntegerSet_no_hints.dfy,2
136,Dafny_Learning_Experience_tmp_tmpuxvcet_u_week8_12_week10_BoundedQueue_01_no_hints.dfy,1
111,Dafny-VMC_tmp_tmpzgqv0i1u_src_Math_Helper_no_hints.dfy,2
070,Clover_swap_bitvector_no_hints.dfy,1
539,dafny-synthesis_task_id_310_no_hints.dfy,1
245,MFES_2021_tmp_tmpuljn8zd9_FCUL_Exercises_8_sum_no_hints.dfy,1
026,Clover_array_sum_no_hints.dfy,1
781,vmware-verification-2023_tmp_tmpoou5u54i_demos_leader_election_no_hints.dfy,2
432,dafny-exercise_tmp_tmpouftptir_maxArray_no_hints.dfy,1
381,VerifiedMergeSortDafny_tmp_tmpva7qms1b_MergeSort_no_hints.dfy,4
706,ironsync-osdi2023_tmp_tmpx80antoe_linear-dafny_Test_git-issues_git-issue-506_no_hints.dfy,3
766,test-generation-examples_tmp_tmptwyqofrp_ParamTests_dafny_Utils_no_hints.dfy,1
591,dafny-synthesis_task_id_591_no_hints.dfy,1
208,FMSE-2022-2023_tmp_tmp6_x_ba46_Lab3_Lab3_no_hints.dfy,4
695,groupTheory_tmp_tmppmmxvu8h_yair_yair2_no_hints.dfy,4
046,Clover_is_palindrome_no_hints.dfy,1
495,dafny-synthesis_task_id_106_no_hints.dfy,1
596,dafny-synthesis_task_id_600_no_hints.dfy,1
687,formal_verication_dafny_tmp_tmpwgl2qz28_Challenges_ex1_no_hints.dfy,3
779,vfag_tmp_tmpc29dxm1j_mergesort_no_hints.dfy,failed
667,dafny_examples_tmp_tmp8qotd4ez_leetcode_0277-find-the-celebrity_no_hints.dfy,4
698,iron-sync_tmp_tmps49o3tyz_lib_Base_MapRemove_no_hints.dfy,5
215,Final-Project-Dafny_tmp_tmpmcywuqox_Attempts_Quick_Sort_no_hints.dfy,failed
517,dafny-synthesis_task_id_242_no_hints.dfy,1
664,dafny_examples_tmp_tmp8qotd4ez_leetcode_0027-remove-element_no_hints.dfy,failed
054,Clover_min_of_two_no_hints.dfy,1
051,Clover_match_no_hints.dfy,1
360,SENG2011_tmp_tmpgk5jq85q_p2_no_hints.dfy,3
128,DafnyProjects_tmp_tmp2acw_s4s_sqrt_no_hints.dfy,2
503,dafny-synthesis_task_id_143_no_hints.dfy,1
092,Dafny-Exercises_tmp_tmpjm75muf__Session4Exercises_ExerciseContained_no_hints.dfy,2
679,dafny_tmp_tmp59p638nn_examples_minmax2_no_hints.dfy,failed
657,dafny-training_tmp_tmp_n2kixni_session1_training1_no_hints.dfy,failed
164,Dafny_Verify_tmp_tmphq7j0row_Generated_Code_ComputePower_no_hints.dfy,1
356,SENG2011_tmp_tmpgk5jq85q_flex_ex1_no_hints.dfy,1
632,dafny-synthesis_task_id_770_no_hints.dfy,2
401,cs245-verification_tmp_tmp0h_nxhqp_quicksort-partition_no_hints.dfy,4
545,dafny-synthesis_task_id_401_no_hints.dfy,1
125,DafnyProjects_tmp_tmp2acw_s4s_findMax_no_hints.dfy,2
250,MIEIC_mfes_tmp_tmpq3ho7nve_TP3_binary_search_no_hints.dfy,1
576,dafny-synthesis_task_id_565_no_hints.dfy,1
052,Clover_max_array_no_hints.dfy,1
674,dafny_tmp_tmp2ewu6s7x_ListReverse_no_hints.dfy,failed
042,Clover_has_close_elements_no_hints.dfy,1
212,Final-Project-Dafny_tmp_tmpmcywuqox_Attempts_Insertion_Sort_Normal_no_hints.dfy,3
425,dafny-duck_tmp_tmplawbgxjo_p4_no_hints.dfy,2
001,703FinalProject_tmp_tmpr_10rn4z_DP-GD_no_hints.dfy,2
018,CVS-handout1_tmp_tmptm52no3k_1_no_hints.dfy,failed
222,Formal-Methods-Project_tmp_tmphh2ar2xv_BubbleSort_no_hints.dfy,failed
691,fv2020-tms_tmp_tmpnp85b47l_modeling_concurrency_safety_no_hints.dfy,3
196,Dafny_tmp_tmpj88zq5zt_2-Kontrakte_max_no_hints.dfy,1
385,Workshop_tmp_tmp0cu11bdq_Lecture_Answers_triangle_number_no_hints.dfy,1
430,dafny-exercise_tmp_tmpouftptir_filter_no_hints.dfy,1
556,dafny-synthesis_task_id_435_no_hints.dfy,1
491,dafny-rope_tmp_tmpl4v_njmy_Rope_no_hints.dfy,failed
201,Dafny_tmp_tmpmvs2dmry_pancakesort_findmax_no_hints.dfy,3
651,dafny-synthesis_task_id_85_no_hints.dfy,2
577,dafny-synthesis_task_id_566_no_hints.dfy,failed
753,summer-school-2020_tmp_tmpn8nf7zf0_chapter01_solutions_exercise11_solution_no_hints.dfy,1
714,libraries_tmp_tmp9gegwhqj_examples_MutableMap_MutableMapDafny_no_hints.dfy,failed
738,sat_dfy_tmp_tmpfcyj8am9_dfy_Seq_no_hints.dfy,failed
429,dafny-exercise_tmp_tmpouftptir_countNeg_no_hints.dfy,1
697,iron-sync_tmp_tmps49o3tyz_concurrency_docs_code_ShardedStateMachine_no_hints.dfy,5
644,dafny-synthesis_task_id_803_no_hints.dfy,1
444,dafny-language-server_tmp_tmpkir0kenl_Test_VSI-Benchmarks_b2_no_hints.dfy,1
743,software_analysis_tmp_tmpmt6bo9sf_ss_no_hints.dfy,2
739,se2011_tmp_tmp71eb82zt_ass1_ex4_no_hints.dfy,1
244,MFES_2021_tmp_tmpuljn8zd9_FCUL_Exercises_10_find_no_hints.dfy,1
009,CS494-final-project_tmp_tmp7nof55uq_bubblesort_no_hints.dfy,failed
257,Metodos_Formais_tmp_tmpbez22nnn_Aula_4_ex1_no_hints.dfy,1
105,Dafny-Exercises_tmp_tmpjm75muf__Session9Exercises_ExerciseSeqMaxSum_no_hints.dfy,4
098,Dafny-Exercises_tmp_tmpjm75muf__Session6Exercises_ExercisePeekSum_no_hints.dfy,1
672,dafny_misc_tmp_tmpg4vzlnm1_rosetta_code_fibonacci_sequence_no_hints.dfy,1
630,dafny-synthesis_task_id_764_no_hints.dfy,1
254,MIEIC_mfes_tmp_tmpq3ho7nve_exams_special_20_p5_no_hints.dfy,1
547,dafny-synthesis_task_id_406_no_hints.dfy,1
450,dafny-language-server_tmp_tmpkir0kenl_Test_dafny1_ListReverse_no_hints.dfy,4
746,specTesting_tmp_tmpueam35lx_examples_max_max_no_hints.dfy,failed
373,Software-building-and-verification-Projects_tmp_tmp5tm1srrn_CVS-projeto_aula2_no_hints.dfy,3
361,SiLemma_tmp_tmpfxtryv2w_utils_no_hints.dfy,1
075,Clover_triple2_no_hints.dfy,1
168,Dafny_Verify_tmp_tmphq7j0row_Generated_Code_Mult_no_hints.dfy,1
605,dafny-synthesis_task_id_622_no_hints.dfy,1
027,Clover_avg_no_hints.dfy,1
650,dafny-synthesis_task_id_82_no_hints.dfy,1
571,dafny-synthesis_task_id_476_no_hints.dfy,failed
439,dafny-exercises_tmp_tmp5mvrowrx_leetcode_26-remove-duplicates-from-sorted-array_no_hints.dfy,2
408,dafl_tmp_tmp_r3_8w3y_dafny_examples_dafny0_InSetComprehension_no_hints.dfy,4
473,dafny-language-server_tmp_tmpkir0kenl_Test_hofs_Compilation_no_hints.dfy,failed
663,dafny_examples_tmp_tmp8qotd4ez_leetcode_0001-two-sum_no_hints.dfy,2
419,dafny-aoc-2019_tmp_tmpj6suy_rv_parser_split_no_hints.dfy,failed
144,Dafny_Programs_tmp_tmp99966ew4_mymax_no_hints.dfy,2
183,Dafny_Verify_tmp_tmphq7j0row_dataset_bql_exampls_SmallNum_no_hints.dfy,failed
595,dafny-synthesis_task_id_59_no_hints.dfy,1
769,veri-sparse_tmp_tmp15fywna6_dafny_concurrent_poc_6_no_hints.dfy,5
646,dafny-synthesis_task_id_807_no_hints.dfy,2
139,Dafny_Learning_Experience_tmp_tmpuxvcet_u_week8_12_week8_CoffeeMaker2_no_hints.dfy,3
192,Dafny_tmp_tmp0wu8wmfr_tests_F1a_no_hints.dfy,3
133,Dafny_Learning_Experience_tmp_tmpuxvcet_u_week1_7_week5_ComputePower_no_hints.dfy,1
566,dafny-synthesis_task_id_460_no_hints.dfy,1
586,dafny-synthesis_task_id_581_no_hints.dfy,1
683,formal-methods-in-software-engineering_tmp_tmpe7fjnek6_Labs2_gr2_no_hints.dfy,failed
501,dafny-synthesis_task_id_139_no_hints.dfy,1
475,dafny-language-server_tmp_tmpkir0kenl_Test_hofs_SumSum_no_hints.dfy,failed
459,dafny-language-server_tmp_tmpkir0kenl_Test_dafny4_Bug165_no_hints.dfy,failed
045,Clover_is_even_no_hints.dfy,1
761,t1_MF_tmp_tmpi_sqie4j_exemplos_colecoes_sequences_ex3_no_hints.dfy,2
109,Dafny-Projects_tmp_tmph399drhy_p2_arraySplit_no_hints.dfy,2
084,Correctness_tmp_tmpwqvg5q_4_Sorting_Tangent_no_hints.dfy,5
562,dafny-synthesis_task_id_454_no_hints.dfy,2
712,laboratory_tmp_tmps8ws6mu2_dafny-tutorial_exercise9_no_hints.dfy,1
623,dafny-synthesis_task_id_743_no_hints.dfy,1
476,dafny-language-server_tmp_tmpkir0kenl_Test_hofs_WhileLoop_no_hints.dfy,failed_api
689,formal_verication_dafny_tmp_tmpwgl2qz28_Challenges_ex6_no_hints.dfy,failed
383,Workshop_tmp_tmp0cu11bdq_Lecture_Answers_selection_sort_no_hints.dfy,1
626,dafny-synthesis_task_id_755_no_hints.dfy,1
633,dafny-synthesis_task_id_775_no_hints.dfy,1
637,dafny-synthesis_task_id_790_no_hints.dfy,1
490,dafny-programs_tmp_tmpcwodh6qh_src_ticketsystem_no_hints.dfy,1
057,Clover_online_max_no_hints.dfy,2
463,dafny-language-server_tmp_tmpkir0kenl_Test_dafny4_Lucas-down_no_hints.dfy,failed
391,assertive-programming-assignment-1_tmp_tmp3h_cj44u_SearchAddends_no_hints.dfy,failed
339,Programmverifikation-und-synthese_tmp_tmppurk6ime_PVS_Assignment_ex_05_Hoangkim_ex_05_Hoangkim_no_hints.dfy,3
198,Dafny_tmp_tmpmvs2dmry_SlowMax_no_hints.dfy,1
546,dafny-synthesis_task_id_404_no_hints.dfy,1
678,dafny_tmp_tmp59p638nn_examples_derangement_no_hints.dfy,1
478,dafny-language-server_tmp_tmpkir0kenl_Test_triggers_function-applications-are-triggers_no_hints.dfy,failed
618,dafny-synthesis_task_id_70_no_hints.dfy,1
087,Dafny-Exercises_tmp_tmpjm75muf__Session2Exercises_ExerciseFibonacci_no_hints.dfy,failed
397,cs245-verification_tmp_tmp0h_nxhqp_Assignments_simple_no_hints.dfy,failed_api
405,dafl_tmp_tmp_r3_8w3y_dafny_examples_dafny0_ContainerRanks_no_hints.dfy,6
193,Dafny_tmp_tmp0wu8wmfr_tests_InsertionSortSeq_no_hints.dfy,failed
455,dafny-language-server_tmp_tmpkir0kenl_Test_dafny2_TreeBarrier_no_hints.dfy,failed
653,dafny-synthesis_task_id_89_no_hints.dfy,1
451,dafny-language-server_tmp_tmpkir0kenl_Test_dafny1_MatrixFun_no_hints.dfy,failed
182,Dafny_Verify_tmp_tmphq7j0row_dataset_bql_exampls_Min_no_hints.dfy,1
583,dafny-synthesis_task_id_577_no_hints.dfy,1
387,Workshop_tmp_tmp0cu11bdq_Workshop_Answers_Question6_no_hints.dfy,1
440,dafny-exercises_tmp_tmp5mvrowrx_paper_krml190_no_hints.dfy,failed
350,SENG2011_tmp_tmpgk5jq85q_ass2_ex2_no_hints.dfy,1
065,Clover_selectionsort_no_hints.dfy,1
171,Dafny_Verify_tmp_tmphq7j0row_Test_Cases_Ghost_no_hints.dfy,2
029,Clover_binary_search_no_hints.dfy,1
464,dafny-language-server_tmp_tmpkir0kenl_Test_dafny4_MonadicLaws_no_hints.dfy,3
494,dafny-synthesis_task_id_105_no_hints.dfy,1
181,Dafny_Verify_tmp_tmphq7j0row_dataset_C_convert_examples_23_x_no_hints.dfy,2
089,Dafny-Exercises_tmp_tmpjm75muf__Session2Exercises_ExerciseSquare_root_no_hints.dfy,1
186,Dafny_Verify_tmp_tmphq7j0row_dataset_error_data_real_error_IsEven_success_1_no_hints.dfy,failed
699,ironsync-osdi2023_tmp_tmpx80antoe_lib_Marshalling_Math_no_hints.dfy,4
508,dafny-synthesis_task_id_171_no_hints.dfy,1
073,Clover_swap_sim_no_hints.dfy,1
731,protocol-verification-fa2023_tmp_tmpw6hy3mjp_demos_ch06_refinement_proof_no_hints.dfy,failed
047,Clover_linear_search1_no_hints.dfy,1
409,dafl_tmp_tmp_r3_8w3y_dafny_examples_dafny0_PrecedenceLinter_no_hints.dfy,6
580,dafny-synthesis_task_id_573_no_hints.dfy,2
205,FMSE-2022-2023_tmp_tmp6_x_ba46_Lab10_Lab10_no_hints.dfy,failed
627,dafny-synthesis_task_id_759_no_hints.dfy,1
619,dafny-synthesis_task_id_728_no_hints.dfy,1
499,dafny-synthesis_task_id_133_no_hints.dfy,2
032,Clover_cal_sum_no_hints.dfy,1
548,dafny-synthesis_task_id_412_no_hints.dfy,1
477,dafny-language-server_tmp_tmpkir0kenl_Test_triggers_auto-triggers-fix-an-issue-listed-in-the-ironclad-notebook_no_hints.dfy,1
403,cs357_tmp_tmpn4fsvwzs_lab7_question5_no_hints.dfy,4
513,dafny-synthesis_task_id_233_no_hints.dfy,1
014,CVS-Projto1_tmp_tmpb1o0bu8z_Hoare_no_hints.dfy,2
715,llm-verified-eval_tmp_tmpd2deqn_i_dafny_0_no_hints.dfy,3
462,dafny-language-server_tmp_tmpkir0kenl_Test_dafny4_Fstar-QuickSort_no_hints.dfy,4
392,bbfny_tmp_tmpw4m0jvl0_enjoying_no_hints.dfy,failed
393,circular-queue-implemetation_tmp_tmpnulfdc9l_Queue_no_hints.dfy,failed
177,Dafny_Verify_tmp_tmphq7j0row_dataset_C_convert_examples_06_n_no_hints.dfy,1
100,Dafny-Exercises_tmp_tmpjm75muf__Session7Exercises_ExerciseBubbleSort_no_hints.dfy,failed
732,protocol-verification-fa2023_tmp_tmpw6hy3mjp_demos_dafny-internals_02-triggers_triggers2_no_hints.dfy,1
080,Clover_update_array_no_hints.dfy,1
537,dafny-synthesis_task_id_307_no_hints.dfy,1
015,CVS-Projto1_tmp_tmpb1o0bu8z_fact_no_hints.dfy,2
671,dafny_misc_tmp_tmpg4vzlnm1_rosetta_code_factorial_no_hints.dfy,1
150,Dafny_Verify_tmp_tmphq7j0row_AI_agent_verify_examples_DoubleArray_no_hints.dfy,6
264,Metodos_Formais_tmp_tmpql2hwcsh_Invariantes_potencia_no_hints.dfy,1
142,Dafny_Programs_tmp_tmp99966ew4_binary_search_no_hints.dfy,1
533,dafny-synthesis_task_id_290_no_hints.dfy,1
040,Clover_even_list_no_hints.dfy,failed
531,dafny-synthesis_task_id_282_no_hints.dfy,1
135,Dafny_Learning_Experience_tmp_tmpuxvcet_u_week8_12_a3_search_findPositionOfIndex_no_hints.dfy,1
435,dafny-exercise_tmp_tmpouftptir_prac3_ex2_no_hints.dfy,1
628,dafny-synthesis_task_id_760_no_hints.dfy,1
669,dafny_examples_tmp_tmp8qotd4ez_test_shuffle_no_hints.dfy,4
703,ironsync-osdi2023_tmp_tmpx80antoe_linear-dafny_Test_c++_sets_no_hints.dfy,1
724,paxos_proof_tmp_tmpxpmiksmt_triggers_no_hints.dfy,1
492,dafny-sandbox_tmp_tmp3tu2bu8a_Stlc_no_hints.dfy,failed
055,Clover_modify_2d_array_no_hints.dfy,1
106,Dafny-Grind75_tmp_tmpsxfz3i4r_problems_twoSum_no_hints.dfy,1
154,Dafny_Verify_tmp_tmphq7j0row_Fine_Tune_Examples_50_examples_37_no_hints.dfy,4
085,Dafny-Exercises_tmp_tmpjm75muf__Session10Exercises_ExerciseBarrier_no_hints.dfy,1
218,FlexWeek_tmp_tmpc_tfdj_3_ex2_no_hints.dfy,failed
631,dafny-synthesis_task_id_769_no_hints.dfy,1
523,dafny-synthesis_task_id_264_no_hints.dfy,1
639,dafny-synthesis_task_id_793_no_hints.dfy,1
549,dafny-synthesis_task_id_414_no_hints.dfy,1
584,dafny-synthesis_task_id_578_no_hints.dfy,1
146,Dafny_Verify_tmp_tmphq7j0row_AI_agent_validation_examples_no_hints.dfy,failed
449,dafny-language-server_tmp_tmpkir0kenl_Test_dafny1_Cubes_no_hints.dfy,1
597,dafny-synthesis_task_id_602_no_hints.dfy,failed
079,Clover_two_sum_no_hints.dfy,1
119,DafnyPrograms_tmp_tmp74_f9k_c_map-multiset-implementation_no_hints.dfy,10
256,Metodos_Formais_tmp_tmpbez22nnn_Aula_2_ex2_no_hints.dfy,1
760,t1_MF_tmp_tmpi_sqie4j_exemplos_colecoes_conjuntos_ex5_no_hints.dfy,1
454,dafny-language-server_tmp_tmpkir0kenl_Test_dafny2_SegmentSum_no_hints.dfy,failed_api
395,cs245-verification_tmp_tmp0h_nxhqp_A8_Q1_no_hints.dfy,1
717,llm-verified-eval_tmp_tmpd2deqn_i_dafny_161_no_hints.dfy,1
481,dafny-language-server_tmp_tmpkir0kenl_Test_tutorial_maximum_no_hints.dfy,2
666,dafny_examples_tmp_tmp8qotd4ez_leetcode_0070-climbing-stairs_no_hints.dfy,4
353,SENG2011_tmp_tmpgk5jq85q_exam_ex2_no_hints.dfy,4
043,Clover_insert_no_hints.dfy,failed
216,Final-Project-Dafny_tmp_tmpmcywuqox_Attempts_Selection_Sort_Standard_no_hints.dfy,1
520,dafny-synthesis_task_id_257_no_hints.dfy,1
086,Dafny-Exercises_tmp_tmpjm75muf__Session2Exercises_ExerciseExp_no_hints.dfy,1
002,703FinalProject_tmp_tmpr_10rn4z_gaussian_no_hints.dfy,failed
271,Prog-Fun-Solutions_tmp_tmp7_gmnz5f_mockExam2_p5_no_hints.dfy,2
487,dafny-programs_tmp_tmpcwodh6qh_src_expt_no_hints.dfy,1
376,Software-building-and-verification-Projects_tmp_tmp5tm1srrn_CVS-projeto_handout1_no_hints.dfy,3
431,dafny-exercise_tmp_tmpouftptir_firstE_no_hints.dfy,1
638,dafny-synthesis_task_id_792_no_hints.dfy,1
502,dafny-synthesis_task_id_142_no_hints.dfy,1
461,dafny-language-server_tmp_tmpkir0kenl_Test_dafny4_Bug92_no_hints.dfy,1
694,groupTheory_tmp_tmppmmxvu8h_tutorial2_no_hints.dfy,2
767,test-generation-examples_tmp_tmptwyqofrp_RussianMultiplication_dafny_RussianMultiplication_no_hints.dfy,1
398,cs245-verification_tmp_tmp0h_nxhqp_SortingIssues_BubbleSortCode_no_hints.dfy,5
101,Dafny-Exercises_tmp_tmpjm75muf__Session7Exercises_ExerciseReplace_no_hints.dfy,1
611,dafny-synthesis_task_id_629_no_hints.dfy,1
774,veribetrkv-osdi2020_tmp_tmpra431m8q_docker-hdd_src_veribetrkv-linear_lib_Base_Sets_no_hints.dfy,3
574,dafny-synthesis_task_id_555_no_hints.dfy,2
343,Programmverifikation-und-synthese_tmp_tmppurk6ime_PVS_Assignment_ex_10_Hoangkim_ex10_hoangkim_no_hints.dfy,1
648,dafny-synthesis_task_id_809_no_hints.dfy,1
482,dafny-language-server_tmp_tmpkir0kenl_Test_vacid0_Composite_no_hints.dfy,failed
778,vfag_tmp_tmpc29dxm1j_Verificacion_torneo_no_hints.dfy,2
599,dafny-synthesis_task_id_605_no_hints.dfy,1
433,dafny-exercise_tmp_tmpouftptir_prac1_ex1_no_hints.dfy,3
088,Dafny-Exercises_tmp_tmpjm75muf__Session2Exercises_ExercisePositive_no_hints.dfy,1
771,veri-sparse_tmp_tmp15fywna6_dafny_spmv_no_hints.dfy,failed
735,protocol-verification-fa2023_tmp_tmpw6hy3mjp_exercises_chapter04-invariants_ch03exercise03_no_hints.dfy,6
585,dafny-synthesis_task_id_579_no_hints.dfy,4
399,cs245-verification_tmp_tmp0h_nxhqp_SortingIssues_FirstAttempt_no_hints.dfy,1
773,veribetrkv-osdi2020_tmp_tmpra431m8q_docker-hdd_src_veribetrkv-linear_lib_Base_SetBijectivity_no_hints.dfy,3
610,dafny-synthesis_task_id_627_no_hints.dfy,failed
635,dafny-synthesis_task_id_77_no_hints.dfy,1
488,dafny-programs_tmp_tmpcwodh6qh_src_factorial_no_hints.dfy,1
372,Software-building-and-verification-Projects_tmp_tmp5tm1srrn_CVS-projeto_aula1_no_hints.dfy,failed
010,CS5232_Project_tmp_tmpai_cfrng_LFUSimple_no_hints.dfy,2
525,dafny-synthesis_task_id_267_no_hints.dfy,1
636,dafny-synthesis_task_id_784_no_hints.dfy,1
736,pucrs-metodos-formais-t1_tmp_tmp7gvq3cw4_fila_no_hints.dfy,failed
140,Dafny_Learning_Experience_tmp_tmpuxvcet_u_week8_12_week9_lemma_no_hints.dfy,3
620,dafny-synthesis_task_id_732_no_hints.dfy,1
170,Dafny_Verify_tmp_tmphq7j0row_Test_Cases_Function_no_hints.dfy,1
354,SENG2011_tmp_tmpgk5jq85q_exam_ex3_no_hints.dfy,1
555,dafny-synthesis_task_id_433_no_hints.dfy,1
375,Software-building-and-verification-Projects_tmp_tmp5tm1srrn_CVS-projeto_aula5_no_hints.dfy,failed
677,dafny_tmp_tmp59p638nn_examples_SelectionSort_no_hints.dfy,failed
720,llm-verified-eval_tmp_tmpd2deqn_i_dafny_9_no_hints.dfy,4
246,MFES_2021_tmp_tmpuljn8zd9_PracticalClasses_TP3_2_Insertion_Sort_no_hints.dfy,failed
184,Dafny_Verify_tmp_tmphq7j0row_dataset_bql_exampls_Square_no_hints.dfy,1
386,Workshop_tmp_tmp0cu11bdq_Workshop_Answers_Question5_no_hints.dfy,1
400,cs245-verification_tmp_tmp0h_nxhqp_power_no_hints.dfy,2
484,dafny-learn_tmp_tmpn94ir40q_R01_assertions_no_hints.dfy,2
673,dafny_projects_tmp_tmpjutqwjv4_tutorial_tutorial_no_hints.dfy,failed
436,dafny-exercise_tmp_tmpouftptir_prac4_ex2_no_hints.dfy,2
082,Correctness_tmp_tmpwqvg5q_4_HoareLogic_exam_no_hints.dfy,6
692,fv2020-tms_tmp_tmpnp85b47l_simple_tm_no_hints.dfy,failed
536,dafny-synthesis_task_id_304_no_hints.dfy,1
593,dafny-synthesis_task_id_598_no_hints.dfy,1
255,Metodos_Formais_tmp_tmpbez22nnn_Aula_2_ex1_no_hints.dfy,1
410,dafl_tmp_tmp_r3_8w3y_dafny_examples_dafny0_SeqFromArray_no_hints.dfy,2
718,llm-verified-eval_tmp_tmpd2deqn_i_dafny_3_no_hints.dfy,3
589,dafny-synthesis_task_id_588_no_hints.dfy,failed
261,Metodos_Formais_tmp_tmpql2hwcsh_Invariantes_fatorial2_no_hints.dfy,2
613,dafny-synthesis_task_id_632_no_hints.dfy,failed
388,WrappedEther_no_hints.dfy,1
568,dafny-synthesis_task_id_470_no_hints.dfy,1
248,MFS_tmp_tmpmmnu354t_Praticas_TP9_Power_no_hints.dfy,5
765,test-generation-examples_tmp_tmptwyqofrp_IntegerSet_dafny_Utils_no_hints.dfy,1
351,SENG2011_tmp_tmpgk5jq85q_ass2_ex3_no_hints.dfy,1
441,dafny-language-server_tmp_tmpkir0kenl_Test_LanguageServerTest_DafnyFiles_symbolTable_15_array_no_hints.dfy,1
143,Dafny_Programs_tmp_tmp99966ew4_lemma_no_hints.dfy,failed
468,dafny-language-server_tmp_tmpkir0kenl_Test_dafny4_git-issue41_no_hints.dfy,2
427,dafny-exercise_tmp_tmpouftptir_absIt_no_hints.dfy,1
424,dafny-duck_tmp_tmplawbgxjo_p3_no_hints.dfy,1
141,Dafny_ProgrammingLanguages_tmp_tmp82_e0kji_ExtraCredit_no_hints.dfy,3
346,QS_BoilerPlate1_tmp_tmpa29vtz9__Ex2_no_hints.dfy,failed
145,Dafny_Programs_tmp_tmp99966ew4_trig_no_hints.dfy,2
659,dafny-workout_tmp_tmp0abkw6f8_starter_ex02_no_hints.dfy,1
506,dafny-synthesis_task_id_161_no_hints.dfy,1
384,Workshop_tmp_tmp0cu11bdq_Lecture_Answers_sum_array_no_hints.dfy,2
063,Clover_reverse_no_hints.dfy,1
231,FormalMethods_tmp_tmpvda2r3_o_dafny_Invariants_ex2_no_hints.dfy,1
614,dafny-synthesis_task_id_637_no_hints.dfy,1
496,dafny-synthesis_task_id_113_no_hints.dfy,3
594,dafny-synthesis_task_id_599_no_hints.dfy,1
204,Dafny_tmp_tmpv_d3qi10_3_cumsum_no_hints.dfy,1
211,Final-Project-Dafny_tmp_tmpmcywuqox_Attempts_Exercise6_Binary_Search_no_hints.dfy,1
528,dafny-synthesis_task_id_273_no_hints.dfy,1
416,dafleet_tmp_tmpa2e4kb9v_0001-0050_0001-two-sum_no_hints.dfy,1
035,Clover_convert_map_key_no_hints.dfy,1
588,dafny-synthesis_task_id_587_no_hints.dfy,1
755,summer-school-2020_tmp_tmpn8nf7zf0_chapter02_solutions_exercise02_solution_no_hints.dfy,1
590,dafny-synthesis_task_id_58_no_hints.dfy,1
470,dafny-language-server_tmp_tmpkir0kenl_Test_dafny4_git-issue74_no_hints.dfy,1
552,dafny-synthesis_task_id_430_no_hints.dfy,1
550,dafny-synthesis_task_id_424_no_hints.dfy,1
629,dafny-synthesis_task_id_762_no_hints.dfy,1
483,dafny-language-server_tmp_tmpkir0kenl_Test_vstte2012_Two-Way-Sort_no_hints.dfy,1
362,Simulink-To_dafny_tmp_tmpbcuesj2t_Tank_no_hints.dfy,1
377,Software-building-and-verification-Projects_tmp_tmp5tm1srrn_CVS-projeto_handout2_no_hints.dfy,failed
460,dafny-language-server_tmp_tmpkir0kenl_Test_dafny4_Bug58_no_hints.dfy,3
661,dafny-workout_tmp_tmp0abkw6f8_starter_ex09_no_hints.dfy,1
004,AssertivePrograming_tmp_tmpwf43uz0e_Find_Substring_no_hints.dfy,failed
500,dafny-synthesis_task_id_135_no_hints.dfy,1
269,Prog-Fun-Solutions_tmp_tmp7_gmnz5f_mockExam2_p2_no_hints.dfy,1
544,dafny-synthesis_task_id_3_no_hints.dfy,1
686,formal-verification_tmp_tmpoepcssay_strings3_no_hints.dfy,failed
206,FMSE-2022-2023_tmp_tmp6_x_ba46_Lab1_Lab1_no_hints.dfy,failed
575,dafny-synthesis_task_id_557_no_hints.dfy,1
034,Clover_compare_no_hints.dfy,1
020,Clover_abs_no_hints.dfy,1
742,software-specification-p1_tmp_tmpz9x6mpxb_BoilerPlate_Ex1_no_hints.dfy,failed
559,dafny-synthesis_task_id_445_no_hints.dfy,1
251,MIEIC_mfes_tmp_tmpq3ho7nve_exams_appeal_20_p4_no_hints.dfy,1
602,dafny-synthesis_task_id_616_no_hints.dfy,1
243,MFES_2021_tmp_tmpuljn8zd9_Exams_Special_Exam_03_2020_4_CatalanNumbers_no_hints.dfy,1
263,Metodos_Formais_tmp_tmpql2hwcsh_Invariantes_multiplicador_no_hints.dfy,1
592,dafny-synthesis_task_id_594_no_hints.dfy,3
185,Dafny_Verify_tmp_tmphq7j0row_dataset_detailed_examples_SelectionSort_no_hints.dfy,1
696,iron-sync_tmp_tmps49o3tyz_Impl_CommitterCommitModel_no_hints.dfy,failed
570,dafny-synthesis_task_id_474_no_hints.dfy,1
152,Dafny_Verify_tmp_tmphq7j0row_AI_agent_verify_examples_RotateRight_no_hints.dfy,1
012,CSC8204-Dafny_tmp_tmp11yhjb53_stack_no_hints.dfy,3
096,Dafny-Exercises_tmp_tmpjm75muf__Session6Exercises_ExerciseCountEven_no_hints.dfy,1
515,dafny-synthesis_task_id_238_no_hints.dfy,1
016,CVS-Projto1_tmp_tmpb1o0bu8z_proj1_proj1_no_hints.dfy,1
214,Final-Project-Dafny_tmp_tmpmcywuqox_Attempts_Merge_Sort_no_hints.dfy,failed
326,Program-Verification-Dataset_tmp_tmpgbdrlnu__Dafny_from_dafny_main_repo_dafny0_snapshots_Inputs_Snapshots5_no_hints.dfy,1
726,protocol-verification-fa2023_tmp_tmpw6hy3mjp_demos_ch03_nim_v3_no_hints.dfy,1
578,dafny-synthesis_task_id_567_no_hints.dfy,2
514,dafny-synthesis_task_id_234_no_hints.dfy,1
511,dafny-synthesis_task_id_227_no_hints.dfy,1
223,Formal-Methods-Project_tmp_tmphh2ar2xv_Factorial_no_hints.dfy,failed_api
458,dafny-language-server_tmp_tmpkir0kenl_Test_dafny4_Bug144_no_hints.dfy,1
516,dafny-synthesis_task_id_240_no_hints.dfy,1
775,verification-class_tmp_tmpz9ik148s_2022_chapter05-distributed-state-machines_exercises_UtilitiesLibrary_no_hints.dfy,5
094,Dafny-Exercises_tmp_tmpjm75muf__Session4Exercises_ExercisefirstZero_no_hints.dfy,1
660,dafny-workout_tmp_tmp0abkw6f8_starter_ex03_no_hints.dfy,1
176,Dafny_Verify_tmp_tmphq7j0row_dataset_C_convert_examples_01_no_hints.dfy,1
050,Clover_longest_prefix_no_hints.dfy,2
582,dafny-synthesis_task_id_576_no_hints.dfy,3
220,FlexWeek_tmp_tmpc_tfdj_3_ex4_no_hints.dfy,7
447,dafny-language-server_tmp_tmpkir0kenl_Test_dafny0_FuelTriggers_no_hints.dfy,2
203,Dafny_tmp_tmpv_d3qi10_2_min_no_hints.dfy,1
625,dafny-synthesis_task_id_751_no_hints.dfy,1
359,SENG2011_tmp_tmpgk5jq85q_p1_no_hints.dfy,1
713,lets-prove-blocking-queue_tmp_tmptd_aws1k_dafny_prod-cons_no_hints.dfy,1
522,dafny-synthesis_task_id_262_no_hints.dfy,1
624,dafny-synthesis_task_id_750_no_hints.dfy,1
561,dafny-synthesis_task_id_452_no_hints.dfy,1
137,Dafny_Learning_Experience_tmp_tmpuxvcet_u_week8_12_week10_ExtensibleArray_no_hints.dfy,2
153,Dafny_Verify_tmp_tmphq7j0row_Fine_Tune_Examples_50_examples_28_no_hints.dfy,1
617,dafny-synthesis_task_id_69_no_hints.dfy,1
684,formal-methods-in-software-engineering_tmp_tmpe7fjnek6_Labs2_hw1_no_hints.dfy,1
078,Clover_triple_no_hints.dfy,1
266,Prog-Fun-Solutions_tmp_tmp7_gmnz5f_extra_mod_no_hints.dfy,failed
038,Clover_double_array_elements_no_hints.dfy,1
730,protocol-verification-fa2023_tmp_tmpw6hy3mjp_demos_ch04_toy_consensus_no_hints.dfy,failed
609,dafny-synthesis_task_id_626_no_hints.dfy,1
489,dafny-programs_tmp_tmpcwodh6qh_src_max_no_hints.dfy,2
396,cs245-verification_tmp_tmp0h_nxhqp_A8_Q2_no_hints.dfy,2
457,dafny-language-server_tmp_tmpkir0kenl_Test_dafny3_InductionVsCoinduction_no_hints.dfy,3
519,dafny-synthesis_task_id_251_no_hints.dfy,2
230,FormalMethods_tmp_tmpvda2r3_o_dafny_Invariants_ex1_no_hints.dfy,8
374,Software-building-and-verification-Projects_tmp_tmp5tm1srrn_CVS-projeto_aula3_no_hints.dfy,2
005,AssertivePrograming_tmp_tmpwf43uz0e_MergeSort_no_hints.dfy,failed
039,Clover_double_quadruple_no_hints.dfy,1
737,repo-8967-Ironclad_tmp_tmp4q25en_1_ironclad-apps_src_Dafny_Libraries_Util_seqs_simple_no_hints.dfy,1
421,dafny-duck_tmp_tmplawbgxjo_ex5_no_hints.dfy,2
064,Clover_rotate_no_hints.dfy,1
130,Dafny_Learning_Experience_tmp_tmpuxvcet_u_week1_7_MaxSum_no_hints.dfy,1
238,Invoker_tmp_tmpypx0gs8x_dafny_abstract-interpreter_SimpleVerifier_no_hints.dfy,1
165,Dafny_Verify_tmp_tmphq7j0row_Generated_Code_Count_no_hints.dfy,1
157,Dafny_Verify_tmp_tmphq7j0row_Fine_Tune_Examples_50_examples_BinarySearch_no_hints.dfy,1
407,dafl_tmp_tmp_r3_8w3y_dafny_examples_dafny0_ForallCompilationNewSyntax_no_hints.dfy,2
349,SENG2011_tmp_tmpgk5jq85q_ass2_ex1_no_hints.dfy,1
418,dafleet_tmp_tmpa2e4kb9v_0001-0050_0005-longest-palindromic-substring_no_hints.dfy,failed
394,cmsc433_tmp_tmpe3ob3a0o_dafny_project1_p1-assignment-2_no_hints.dfy,failed
219,FlexWeek_tmp_tmpc_tfdj_3_ex3_no_hints.dfy,failed
110,Dafny-VMC_tmp_tmpzgqv0i1u_src_Math_Exponential_no_hints.dfy,3
148,Dafny_Verify_tmp_tmphq7j0row_AI_agent_verify_examples_CopyMatrix_no_hints.dfy,failed
680,dafny_tmp_tmp59p638nn_examples_realExponent_no_hints.dfy,1
112,Dafny-demo_tmp_tmpkgr_dvdi_Dafny_BinarySearch_no_hints.dfy,1
207,FMSE-2022-2023_tmp_tmp6_x_ba46_Lab2_Lab2_no_hints.dfy,failed
621,dafny-synthesis_task_id_733_no_hints.dfy,1
693,groupTheory_tmp_tmppmmxvu8h_assignment1_no_hints.dfy,failed
493,dafny-synthesis_task_id_101_no_hints.dfy,1
652,dafny-synthesis_task_id_86_no_hints.dfy,1
443,dafny-language-server_tmp_tmpkir0kenl_Test_VSI-Benchmarks_b1_no_hints.dfy,failed
062,Clover_return_seven_no_hints.dfy,1
102,Dafny-Exercises_tmp_tmpjm75muf__Session7Exercises_ExerciseSelSort_no_hints.dfy,2
127,DafnyProjects_tmp_tmp2acw_s4s_partitionOddEven_no_hints.dfy,1
486,dafny-mini-project_tmp_tmpjxr3wzqh_src_project2a_no_hints.dfy,8
643,dafny-synthesis_task_id_801_no_hints.dfy,1
434,dafny-exercise_tmp_tmpouftptir_prac1_ex2_no_hints.dfy,2
217,Final-Project-Dafny_tmp_tmpmcywuqox_Final_Project_3_no_hints.dfy,1
151,Dafny_Verify_tmp_tmphq7j0row_AI_agent_verify_examples_IncrementMatrix_no_hints.dfy,5
762,t1_MF_tmp_tmpi_sqie4j_exemplos_introducao_ex4_no_hints.dfy,3
485,dafny-learn_tmp_tmpn94ir40q_R01_functions_no_hints.dfy,failed
642,dafny-synthesis_task_id_79_no_hints.dfy,1
056,Clover_multi_return_no_hints.dfy,1
542,dafny-synthesis_task_id_397_no_hints.dfy,1
733,protocol-verification-fa2023_tmp_tmpw6hy3mjp_demos_dafny-internals_03-encoding_lemma_call_no_hints.dfy,1
024,Clover_array_copy_no_hints.dfy,1
348,SENG2011_tmp_tmpgk5jq85q_ass1_ex8_no_hints.dfy,1
272,Prog-Fun-Solutions_tmp_tmp7_gmnz5f_mockExam2_p6_no_hints.dfy,1
247,MFES_2021_tmp_tmpuljn8zd9_TheoreticalClasses_Power_no_hints.dfy,3
509,dafny-synthesis_task_id_17_no_hints.dfy,1
382,Workshop_tmp_tmp0cu11bdq_Lecture_Answers_max_array_no_hints.dfy,1
656,dafny-synthesis_task_id_95_no_hints.dfy,1
745,specTesting_tmp_tmpueam35lx_examples_increment_decrement_spec_no_hints.dfy,2
776,verified-isort_tmp_tmp7hhb8ei__dafny_isort_no_hints.dfy,failed
265,Prog-Fun-Solutions_tmp_tmp7_gmnz5f_extra_mod2_no_hints.dfy,1
777,verified-using-dafny_tmp_tmp7jatpjyn_longestZero_no_hints.dfy,6
253,MIEIC_mfes_tmp_tmpq3ho7nve_exams_mt2_19_p5_no_hints.dfy,2
465,dafny-language-server_tmp_tmpkir0kenl_Test_dafny4_Regression19_no_hints.dfy,3
097,Dafny-Exercises_tmp_tmpjm75muf__Session6Exercises_ExerciseCountMin_no_hints.dfy,1
224,Formal-Verification-Project_tmp_tmp9gmwsmyp_strings3_no_hints.dfy,failed
122,DafnyProjects_tmp_tmp2acw_s4s_Graph_no_hints.dfy,1
507,dafny-synthesis_task_id_170_no_hints.dfy,1
480,dafny-language-server_tmp_tmpkir0kenl_Test_triggers_loop-detection-looks-at-ranges-too_no_hints.dfy,3
067,Clover_set_to_seq_no_hints.dfy,1
649,dafny-synthesis_task_id_80_no_hints.dfy,1
116,DafnyExercises_tmp_tmpd6qyevja_QuickExercises_testing2_no_hints.dfy,failed
147,Dafny_Verify_tmp_tmphq7j0row_AI_agent_verify_examples_ComputePower_no_hints.dfy,1
727,protocol-verification-fa2023_tmp_tmpw6hy3mjp_demos_ch04_inductive_chain_no_hints.dfy,1
081,Clover_update_map_no_hints.dfy,1
023,Clover_array_concat_no_hints.dfy,1
197,Dafny_tmp_tmpj88zq5zt_2-Kontrakte_reverse3_no_hints.dfy,1
229,Formal-methods-of-software-development_tmp_tmppryvbyty_Examenes_Beni_Heusel-Benedikt-Ass-1_no_hints.dfy,failed
049,Clover_linear_search3_no_hints.dfy,1
195,Dafny_tmp_tmp0wu8wmfr_tests_SumIntsLoop_no_hints.dfy,failed
721,metodosFormais_tmp_tmp4q2kmya4_T1-MetodosFormais_examples_ex1_no_hints.dfy,1
242,MFDS_tmp_tmpvvr5y1t9_Assignments_Ass-1-2020-21-Sol-eGela_no_hints.dfy,3
033,Clover_canyon_search_no_hints.dfy,failed
518,dafny-synthesis_task_id_249_no_hints.dfy,1
472,dafny-language-server_tmp_tmpkir0kenl_Test_git-issues_git-issue-336_no_hints.dfy,1
780,vfag_tmp_tmpc29dxm1j_sumar_componentes_no_hints.dfy,2
645,dafny-synthesis_task_id_804_no_hints.dfy,1
178,Dafny_Verify_tmp_tmphq7j0row_dataset_C_convert_examples_07_no_hints.dfy,5
202,Dafny_tmp_tmpmvs2dmry_pancakesort_flip_no_hints.dfy,2
175,Dafny_Verify_tmp_tmphq7j0row_Test_Cases_solved_1_select_no_hints.dfy,3
180,Dafny_Verify_tmp_tmphq7j0row_dataset_C_convert_examples_15_no_hints.dfy,1
131,Dafny_Learning_Experience_tmp_tmpuxvcet_u_week1_7_Week4__LinearSearch_no_hints.dfy,1
668,dafny_examples_tmp_tmp8qotd4ez_lib_math_DivMod_no_hints.dfy,1
564,dafny-synthesis_task_id_457_no_hints.dfy,1
670,dafny_experiments_tmp_tmpz29_3_3i_circuit_no_hints.dfy,3
757,t1_MF_tmp_tmpi_sqie4j_exemplos_classes_parte1_contadorV1b_no_hints.dfy,2
099,Dafny-Exercises_tmp_tmpjm75muf__Session7Exercises_ExerciseBinarySearch_no_hints.dfy,3
763,tangent-finder_tmp_tmpgyzf44ve_circles_no_hints.dfy,failed
529,dafny-synthesis_task_id_276_no_hints.dfy,2
719,llm-verified-eval_tmp_tmpd2deqn_i_dafny_5_no_hints.dfy,1
225,Formal-Verification_tmp_tmpuyt21wjt_Dafny_strings1_no_hints.dfy,2
210,Final-Project-Dafny_tmp_tmpmcywuqox_Attempts_Exercise4_Find_Max_no_hints.dfy,1
716,llm-verified-eval_tmp_tmpd2deqn_i_dafny_160_no_hints.dfy,3
095,Dafny-Exercises_tmp_tmpjm75muf__Session5Exercises_ExerciseSumElems_no_hints.dfy,1
474,dafny-language-server_tmp_tmpkir0kenl_Test_hofs_Requires_no_hints.dfy,4
415,dafl_tmp_tmp_r3_8w3y_dafny_examples_uiowa_modifying-arrays_no_hints.dfy,2
498,dafny-synthesis_task_id_127_no_hints.dfy,1
071,Clover_swap_in_array_no_hints.dfy,1
083,Correctness_tmp_tmpwqvg5q_4_MethodCalls_q1_no_hints.dfy,failed_api
179,Dafny_Verify_tmp_tmphq7j0row_dataset_C_convert_examples_11_no_hints.dfy,1
723,nitwit_tmp_tmplm098gxz_nit_no_hints.dfy,8
527,dafny-synthesis_task_id_269_no_hints.dfy,1
022,Clover_array_append_no_hints.dfy,1
504,dafny-synthesis_task_id_145_no_hints.dfy,1
622,dafny-synthesis_task_id_741_no_hints.dfy,1
156,Dafny_Verify_tmp_tmphq7j0row_Fine_Tune_Examples_50_examples_41_no_hints.dfy,1
526,dafny-synthesis_task_id_268_no_hints.dfy,1
437,dafny-exercise_tmp_tmpouftptir_reverse_no_hints.dfy,1
598,dafny-synthesis_task_id_603_no_hints.dfy,1
358,SENG2011_tmp_tmpgk5jq85q_flex_ex5_no_hints.dfy,1
041,Clover_find_no_hints.dfy,1
634,dafny-synthesis_task_id_776_no_hints.dfy,8
688,formal_verication_dafny_tmp_tmpwgl2qz28_Challenges_ex2_no_hints.dfy,3
066,Clover_seq_to_array_no_hints.dfy,1
074,Clover_test_array_no_hints.dfy,1
541,dafny-synthesis_task_id_396_no_hints.dfy,1
030,Clover_bubble_sort_no_hints.dfy,failed
011,CS5232_Project_tmp_tmpai_cfrng_test_no_hints.dfy,failed
452,dafny-language-server_tmp_tmpkir0kenl_Test_dafny2_COST-verif-comp-2011-1-MaxArray_no_hints.dfy,failed
138,Dafny_Learning_Experience_tmp_tmpuxvcet_u_week8_12_week8_CheckSumCalculator_no_hints.dfy,2
059,Clover_quotient_no_hints.dfy,1
469,dafny-language-server_tmp_tmpkir0kenl_Test_dafny4_git-issue67_no_hints.dfy,failed_api
497,dafny-synthesis_task_id_126_no_hints.dfy,5
048,Clover_linear_search2_no_hints.dfy,1
600,dafny-synthesis_task_id_606_no_hints.dfy,1
006,BPTree-verif_tmp_tmpq1z6xm1d_Utils_no_hints.dfy,failed
406,dafl_tmp_tmp_r3_8w3y_dafny_examples_dafny0_DividedConstructors_no_hints.dfy,2
428,dafny-exercise_tmp_tmpouftptir_appendArray_no_hints.dfy,1
741,se2011_tmp_tmp71eb82zt_ass2_ex2_no_hints.dfy,5
341,Programmverifikation-und-synthese_tmp_tmppurk6ime_PVS_Assignment_ex_06_Hoangkim_ex_06_hoangkim_no_hints.dfy,2
169,Dafny_Verify_tmp_tmphq7j0row_Generated_Code_rand_no_hints.dfy,1
685,formal-methods-in-software-engineering_tmp_tmpe7fjnek6_Labs4_gr2_no_hints.dfy,2
438,dafny-exercise_tmp_tmpouftptir_zapNegatives_no_hints.dfy,1
132,Dafny_Learning_Experience_tmp_tmpuxvcet_u_week1_7_week4_tute_ex4_no_hints.dfy,3
327,Program-Verification-Dataset_tmp_tmpgbdrlnu__Dafny_lightening_verifier_no_hints.dfy,failed
551,dafny-synthesis_task_id_426_no_hints.dfy,1
226,Formal-Verification_tmp_tmpuyt21wjt_Dafny_strings3_no_hints.dfy,failed
569,dafny-synthesis_task_id_472_no_hints.dfy,1
090,Dafny-Exercises_tmp_tmpjm75muf__Session3Exercises_ExerciseMaximum_no_hints.dfy,1
510,dafny-synthesis_task_id_18_no_hints.dfy,1
654,dafny-synthesis_task_id_8_no_hints.dfy,1
640,dafny-synthesis_task_id_798_no_hints.dfy,1
053,Clover_min_array_no_hints.dfy,1
426,dafny-duck_tmp_tmplawbgxjo_p6_no_hints.dfy,failed
159,Dafny_Verify_tmp_tmphq7j0row_Fine_Tune_Examples_error_data_completion_06_n_no_hints.dfy,1
747,specTesting_tmp_tmpueam35lx_examples_sort_sort_no_hints.dfy,2
604,dafny-synthesis_task_id_61_no_hints.dfy,failed_api
091,Dafny-Exercises_tmp_tmpjm75muf__Session4Exercises_ExerciseAllEqual_no_hints.dfy,3
355,SENG2011_tmp_tmpgk5jq85q_exam_ex4_no_hints.dfy,1
612,dafny-synthesis_task_id_62_no_hints.dfy,1
708,ironsync-osdi2023_tmp_tmpx80antoe_linear-dafny_docs_DafnyRef_examples_Example-Old2_no_hints.dfy,1
749,stunning-palm-tree_tmp_tmpr84c2iwh_ch1_no_hints.dfy,2
389,assertive-programming-assignment-1_tmp_tmp3h_cj44u_FindRange_no_hints.dfy,2
442,dafny-language-server_tmp_tmpkir0kenl_Test_VSComp2010_Problem1-SumMax_no_hints.dfy,1
019,CVS-handout1_tmp_tmptm52no3k_2_no_hints.dfy,failed
155,Dafny_Verify_tmp_tmphq7j0row_Fine_Tune_Examples_50_examples_38_no_hints.dfy,1
209,Final-Project-Dafny_tmp_tmpmcywuqox_Attempts_Exercise3_Increment_Array_no_hints.dfy,1
172,Dafny_Verify_tmp_tmphq7j0row_Test_Cases_Index_no_hints.dfy,1
543,dafny-synthesis_task_id_399_no_hints.dfy,1
615,dafny-synthesis_task_id_641_no_hints.dfy,1
565,dafny-synthesis_task_id_458_no_hints.dfy,1
342,Programmverifikation-und-synthese_tmp_tmppurk6ime_PVS_Assignment_ex_07_Hoangkim_ex07_Hoangkim_no_hints.dfy,2
524,dafny-synthesis_task_id_266_no_hints.dfy,1
740,se2011_tmp_tmp71eb82zt_ass1_ex6_no_hints.dfy,1
707,ironsync-osdi2023_tmp_tmpx80antoe_linear-dafny_Test_git-issues_git-issue-975_no_hints.dfy,1
534,dafny-synthesis_task_id_292_no_hints.dfy,1
174,Dafny_Verify_tmp_tmphq7j0row_Test_Cases_Triple_no_hints.dfy,2
535,dafny-synthesis_task_id_2_no_hints.dfy,1
117,DafnyPrograms_tmp_tmp74_f9k_c_automaton_no_hints.dfy,5
252,MIEIC_mfes_tmp_tmpq3ho7nve_exams_mt2_19_p4_no_hints.dfy,2
000,630-dafny_tmp_tmpz2kokaiq_Solution_no_hints.dfy,2
068,Clover_slope_search_no_hints.dfy,1
662,dafny-workout_tmp_tmp0abkw6f8_starter_ex12_no_hints.dfy,2
325,Program-Verification-Dataset_tmp_tmpgbdrlnu__Dafny_from_dafny_main_repo_dafny0_snapshots_Inputs_Snapshots1_no_hints.dfy,1
530,dafny-synthesis_task_id_279_no_hints.dfy,1
093,Dafny-Exercises_tmp_tmpjm75muf__Session4Exercises_ExerciseFirstNegative_no_hints.dfy,5
120,DafnyPrograms_tmp_tmp74_f9k_c_prime-database_no_hints.dfy,1
607,dafny-synthesis_task_id_624_no_hints.dfy,1
058,Clover_only_once_no_hints.dfy,failed
557,dafny-synthesis_task_id_436_no_hints.dfy,1
031,Clover_cal_ans_no_hints.dfy,2
606,dafny-synthesis_task_id_623_no_hints.dfy,1
003,AssertivePrograming_tmp_tmpwf43uz0e_DivMode_Unary_no_hints.dfy,8
115,DafnyExercises_tmp_tmpd6qyevja_Part1_Q1_no_hints.dfy,1
233,Formal_Verification_With_Dafny_tmp_tmp5j79rq48_LimitedStack_no_hints.dfy,failed
338,Programmverifikation-und-synthese_tmp_tmppurk6ime_PVS_Assignment_ex_04_Hoangkim_ex_04_Hoangkim_no_hints.dfy,failed
404,cs686_tmp_tmpdhuh5dza_classNotes_notes-9-8-21_no_hints.dfy,4
060,Clover_remove_front_no_hints.dfy,1
126,DafnyProjects_tmp_tmp2acw_s4s_longestPrefix_no_hints.dfy,1
200,Dafny_tmp_tmpmvs2dmry_examples2_no_hints.dfy,3
013,CSU55004---Formal-Verification_tmp_tmp4ki9iaqy_Project_Project_Part_1_project_pt_1_no_hints.dfy,8
260,Metodos_Formais_tmp_tmpql2hwcsh_Arrays_somatorioArray_no_hints.dfy,failed
744,specTesting_tmp_tmpueam35lx_examples_binary_search_binary_search_specs_no_hints.dfy,failed
567,dafny-synthesis_task_id_461_no_hints.dfy,1
521,dafny-synthesis_task_id_261_no_hints.dfy,1
118,DafnyPrograms_tmp_tmp74_f9k_c_invertarray_no_hints.dfy,1
008,CO3408-Advanced-Software-Modelling-Assignment-2022-23-Part-2-A-Specification-Spectacular_tmp_tmp4pj4p2zx_car_park_no_hints.dfy,3
007,BinarySearchTree_tmp_tmp_bn2twp5_bst4copy_no_hints.dfy,failed
446,dafny-language-server_tmp_tmpkir0kenl_Test_comp_Arrays_no_hints.dfy,1
532,dafny-synthesis_task_id_284_no_hints.dfy,1
028,Clover_below_zero_no_hints.dfy,1
036,Clover_copy_part_no_hints.dfy,3
759,t1_MF_tmp_tmpi_sqie4j_exemplos_colecoes_arrays_ex5_no_hints.dfy,1
581,dafny-synthesis_task_id_574_no_hints.dfy,1
044,Clover_integer_square_root_no_hints.dfy,1
413,dafl_tmp_tmp_r3_8w3y_dafny_examples_uiowa_fibonacci_no_hints.dfy,1
025,Clover_array_product_no_hints.dfy,1
554,dafny-synthesis_task_id_432_no_hints.dfy,1
748,stunning-palm-tree_tmp_tmpr84c2iwh_ch10_no_hints.dfy,failed
149,Dafny_Verify_tmp_tmphq7j0row_AI_agent_verify_examples_Cube_no_hints.dfy,1
121,DafnyProjects_tmp_tmp2acw_s4s_CombNK_no_hints.dfy,1
601,dafny-synthesis_task_id_610_no_hints.dfy,1
076,Clover_triple3_no_hints.dfy,1
158,Dafny_Verify_tmp_tmphq7j0row_Fine_Tune_Examples_50_examples_SumArray_no_hints.dfy,1
456,dafny-language-server_tmp_tmpkir0kenl_Test_dafny2_TuringFactorial_no_hints.dfy,1
479,dafny-language-server_tmp_tmpkir0kenl_Test_triggers_large-quantifiers-dont-break-dafny_no_hints.dfy,1
103,Dafny-Exercises_tmp_tmpjm75muf__Session7Exercises_ExerciseSeparate_no_hints.dfy,1
641,dafny-synthesis_task_id_799_no_hints.dfy,1
608,dafny-synthesis_task_id_625_no_hints.dfy,1
540,dafny-synthesis_task_id_312_no_hints.dfy,4
729,protocol-verification-fa2023_tmp_tmpw6hy3mjp_demos_ch04_leader_election_no_hints.dfy,failed
563,dafny-synthesis_task_id_455_no_hints.dfy,1
163,Dafny_Verify_tmp_tmphq7j0row_Generated_Code_15_no_hints.dfy,1
162,Dafny_Verify_tmp_tmphq7j0row_Fine_Tune_Examples_normal_data_completion_MaxPerdV2_no_hints.dfy,1
758,t1_MF_tmp_tmpi_sqie4j_exemplos_colecoes_arrays_ex4_no_hints.dfy,1
232,Formal_Verification_With_Dafny_tmp_tmp5j79rq48_Counter_no_hints.dfy,1
690,formal_verication_dafny_tmp_tmpwgl2qz28_Challenges_ex7_no_hints.dfy,failed_api
710,ironsync-osdi2023_tmp_tmpx80antoe_linear-dafny_docs_DafnyRef_examples_Example-Old_no_hints.dfy,1
553,dafny-synthesis_task_id_431_no_hints.dfy,1
572,dafny-synthesis_task_id_477_no_hints.dfy,1
467,dafny-language-server_tmp_tmpkir0kenl_Test_dafny4_git-issue40_no_hints.dfy,1
704,ironsync-osdi2023_tmp_tmpx80antoe_linear-dafny_Test_git-issues_git-issue-1158_no_hints.dfy,3
422,dafny-duck_tmp_tmplawbgxjo_p1_no_hints.dfy,failed
752,summer-school-2020_tmp_tmpn8nf7zf0_chapter01_solutions_exercise04_solution_no_hints.dfy,1
357,SENG2011_tmp_tmpgk5jq85q_flex_ex2_no_hints.dfy,4
756,summer-school-2020_tmp_tmpn8nf7zf0_chapter02_solutions_exercise03_solution_no_hints.dfy,failed
702,ironsync-osdi2023_tmp_tmpx80antoe_linear-dafny_Test_c++_maps_no_hints.dfy,2
754,summer-school-2020_tmp_tmpn8nf7zf0_chapter02_solutions_exercise01_solution_no_hints.dfy,2
658,dafny-workout_tmp_tmp0abkw6f8_starter_ex01_no_hints.dfy,1
347,SENG2011_tmp_tmpgk5jq85q_ass1_ex7_no_hints.dfy,1
420,dafny-duck_tmp_tmplawbgxjo_ex3_no_hints.dfy,7
701,ironsync-osdi2023_tmp_tmpx80antoe_linear-dafny_Test_c++_arrays_no_hints.dfy,1
700,ironsync-osdi2023_tmp_tmpx80antoe_lib_Math_div_def_no_hints.dfy,failed
603,dafny-synthesis_task_id_618_no_hints.dfy,1
445,dafny-language-server_tmp_tmpkir0kenl_Test_allocated1_dafny0_fun-with-slices_no_hints.dfy,1
417,dafleet_tmp_tmpa2e4kb9v_0001-0050_0003-longest-substring-without-repeating-characters_no_hints.dfy,failed
412,dafl_tmp_tmp_r3_8w3y_dafny_examples_uiowa_binary-search_no_hints.dfy,1
262,Metodos_Formais_tmp_tmpql2hwcsh_Invariantes_fibonacci_no_hints.dfy,1
423,dafny-duck_tmp_tmplawbgxjo_p2_no_hints.dfy,failed
259,Metodos_Formais_tmp_tmpql2hwcsh_Arrays_explicacao_no_hints.dfy,1
380,Trab1-Metodos-Formais_tmp_tmp_8fa4trr_circular-array_no_hints.dfy,3
705,ironsync-osdi2023_tmp_tmpx80antoe_linear-dafny_Test_git-issues_git-issue-283_no_hints.dfy,2
512,dafny-synthesis_task_id_230_no_hints.dfy,1
194,Dafny_tmp_tmp0wu8wmfr_tests_Search1000_no_hints.dfy,failed
107,Dafny-Practice_tmp_tmphnmt4ovh_BST_no_hints.dfy,2
573,dafny-synthesis_task_id_554_no_hints.dfy,2
414,dafl_tmp_tmp_r3_8w3y_dafny_examples_uiowa_find_no_hints.dfy,1
750,stunning-palm-tree_tmp_tmpr84c2iwh_ch5_no_hints.dfy,4
411,dafl_tmp_tmp_r3_8w3y_dafny_examples_dafny0_SharedDestructorsCompile_no_hints.dfy,1
558,dafny-synthesis_task_id_441_no_hints.dfy,1
077,Clover_triple4_no_hints.dfy,1
258,Metodos_Formais_tmp_tmpbez22nnn_Aula_4_ex3_no_hints.dfy,1
069,Clover_swap_arith_no_hints.dfy,1
711,laboratory_tmp_tmps8ws6mu2_dafny-tutorial_exercise12_no_hints.dfy,1
734,protocol-verification-fa2023_tmp_tmpw6hy3mjp_demos_dafny-internals_03-encoding_pair_no_hints.dfy,5
587,dafny-synthesis_task_id_586_no_hints.dfy,1
655,dafny-synthesis_task_id_94_no_hints.dfy,1
770,veri-sparse_tmp_tmp15fywna6_dafny_dspmspv_no_hints.dfy,failed
579,dafny-synthesis_task_id_572_no_hints.dfy,1
538,dafny-synthesis_task_id_309_no_hints.dfy,1
213,Final-Project-Dafny_tmp_tmpmcywuqox_Attempts_Insertion_Sorted_Standard_no_hints.dfy,1
113,Dafny-experiences_tmp_tmp150sm9qy_dafny_started_tutorial_dafny_tutorial_array_no_hints.dfy,1
681,eth2-dafny_tmp_tmpcrgexrgb_src_dafny_utils_SetHelpers_no_hints.dfy,7
270,Prog-Fun-Solutions_tmp_tmp7_gmnz5f_mockExam2_p3_no_hints.dfy,1
453,dafny-language-server_tmp_tmpkir0kenl_Test_dafny2_Intervals_no_hints.dfy,3
722,metodosFormais_tmp_tmp4q2kmya4_T1-MetodosFormais_examples_somatoriov2_no_hints.dfy,1
471,dafny-language-server_tmp_tmpkir0kenl_Test_dafny4_git-issue76_no_hints.dfy,2
340,Programmverifikation-und-synthese_tmp_tmppurk6ime_PVS_Assignment_ex_06_Hoangkim_ex06-solution_no_hints.dfy,3
647,dafny-synthesis_task_id_808_no_hints.dfy,1
751,stunning-palm-tree_tmp_tmpr84c2iwh_ch8_no_hints.dfy,1
725,protocol-verification-fa2023_tmp_tmpw6hy3mjp_demos_ch01_fast_exp_no_hints.dfy,failed
221,FlexWeek_tmp_tmpc_tfdj_3_reverse_no_hints.dfy,1
676,dafny_tmp_tmp59p638nn_examples_GenericSelectionSort_no_hints.dfy,failed
072,Clover_swap_no_hints.dfy,1
160,Dafny_Verify_tmp_tmphq7j0row_Fine_Tune_Examples_error_data_completion_07_no_hints.dfy,1
161,Dafny_Verify_tmp_tmphq7j0row_Fine_Tune_Examples_error_data_completion_11_no_hints.dfy,1
037,Clover_count_lessthan_no_hints.dfy,2
173,Dafny_Verify_tmp_tmphq7j0row_Test_Cases_LoopInvariant_no_hints.dfy,2
772,veri-titan_tmp_tmpbg2iy0kf_spec_crypto_fntt512_no_hints.dfy,1
768,type-definition_tmp_tmp71kdzz3p_final_no_hints.dfy,failed
104,Dafny-Exercises_tmp_tmpjm75muf__Session8Exercises_ExerciseInsertionSort_no_hints.dfy,2
709,ironsync-osdi2023_tmp_tmpx80antoe_linear-dafny_docs_DafnyRef_examples_Example-Old3_no_hints.dfy,1
505,dafny-synthesis_task_id_14_no_hints.dfy,1
665,dafny_examples_tmp_tmp8qotd4ez_leetcode_0069-sqrt_no_hints.dfy,8
021,Clover_all_digits_no_hints.dfy,1
466,dafny-language-server_tmp_tmpkir0kenl_Test_dafny4_git-issue133_no_hints.dfy,3
675,dafny_tmp_tmp49a6ihvk_m4_no_hints.dfy,1
017,CVS-Projto1_tmp_tmpb1o0bu8z_searchSort_no_hints.dfy,10
344,Programmverifikation-und-synthese_tmp_tmppurk6ime_example_DafnyIntro_01_Simple_Loops_no_hints.dfy,1
061,Clover_replace_no_hints.dfy,1
728,protocol-verification-fa2023_tmp_tmpw6hy3mjp_demos_ch04_invariant_proof_no_hints.dfy,1
124,DafnyProjects_tmp_tmp2acw_s4s_RawSort_no_hints.dfy,1
390,assertive-programming-assignment-1_tmp_tmp3h_cj44u_ProdAndCount_no_hints.dfy,failed
123,DafnyProjects_tmp_tmp2acw_s4s_Power_no_hints.dfy,2
402,cs357_tmp_tmpn4fsvwzs_lab7_question2_no_hints.dfy,1
199,Dafny_tmp_tmpmvs2dmry_examples1_no_hints.dfy,failed_api
560,dafny-synthesis_task_id_447_no_hints.dfy,1
352,SENG2011_tmp_tmpgk5jq85q_ass2_ex5_no_hints.dfy,failed_api
167,Dafny_Verify_tmp_tmphq7j0row_Generated_Code_Minimum_no_hints.dfy,2
682,feup-mfes_tmp_tmp6_a1y5a5_examples_SelectionSort_no_hints.dfy,2
268,Prog-Fun-Solutions_tmp_tmp7_gmnz5f_extra_sum_no_hints.dfy,1
267,Prog-Fun-Solutions_tmp_tmp7_gmnz5f_extra_pow_no_hints.dfy,1
166,Dafny_Verify_tmp_tmphq7j0row_Generated_Code_LinearSearch_no_hints.dfy,1
448,dafny-language-server_tmp_tmpkir0kenl_Test_dafny0_snapshots_Inputs_Snapshots0_no_hints.dfy,failed
616,dafny-synthesis_task_id_644_no_hints.dfy,3
108,Dafny-Practice_tmp_tmphnmt4ovh_Pattern Matching_no_hints.dfy,failed
114,Dafny-programs_tmp_tmpnso9eu7u_Algorithms + sorting_bubble-sort_no_hints.dfy,failed
129,Dafny_Learning_Experience_tmp_tmpuxvcet_u_week1_7_A2_Q1_trimmed copy - 副本_no_hints.dfy,5
134,Dafny_Learning_Experience_tmp_tmpuxvcet_u_week8_12_a3 copy 2_no_hints.dfy,5
187,Dafny_tmp_tmp0wu8wmfr_Heimaverkefni 1_LinearSearch_no_hints.dfy,1
188,Dafny_tmp_tmp0wu8wmfr_Heimaverkefni 2_BinarySearchDec_no_hints.dfy,2
189,Dafny_tmp_tmp0wu8wmfr_Heimaverkefni 3_InsertionSortMultiset_no_hints.dfy,1
190,Dafny_tmp_tmp0wu8wmfr_Heimaverkefni 3_SelectionSortMultiset_no_hints.dfy,failed api
191,Dafny_tmp_tmp0wu8wmfr_Heimaverkefni 8_H8_no_hints.dfy,1
227,Formal-methods-of-software-development_tmp_tmppryvbyty_Bloque 1_Lab3_no_hints.dfy,2
228,Formal-methods-of-software-development_tmp_tmppryvbyty_Bloque 2_Lab6_no_hints.dfy,failed
234,HATRA-2022-Paper_tmp_tmp5texxy8l_copilot_verification_Binary Search_binary_search_no_hints.dfy,1
235,HATRA-2022-Paper_tmp_tmp5texxy8l_copilot_verification_Largest Sum_largest_sum_no_hints.dfy,8
236,HATRA-2022-Paper_tmp_tmp5texxy8l_copilot_verification_Sort Array_sort_array_no_hints.dfy,failed
237,HATRA-2022-Paper_tmp_tmp5texxy8l_copilot_verification_Two Sum_two_sum_no_hints.dfy,2
239,M2_tmp_tmp2laaavvl_Software Verification_Exercices_Exo4-CountAndReturn_no_hints.dfy,1
240,M2_tmp_tmp2laaavvl_Software Verification_Exercices_Exo7-ComputeSum_no_hints.dfy,failed api
241,M2_tmp_tmp2laaavvl_Software Verification_Exercices_Exo9-Carre_no_hints.dfy,1
249,MFS_tmp_tmpmmnu354t_Testes anteriores_T2_ex5_2020_2_no_hints.dfy,1
273,Program-Verification-Dataset_tmp_tmpgbdrlnu__Dafny_advanced examples_ArrayMap_no_hints.dfy,6
274,Program-Verification-Dataset_tmp_tmpgbdrlnu__Dafny_advanced examples_EvenPredicate_no_hints.dfy,failed api
275,Program-Verification-Dataset_tmp_tmpgbdrlnu__Dafny_advanced examples_GenericMax_no_hints.dfy,2
276,Program-Verification-Dataset_tmp_tmpgbdrlnu__Dafny_advanced examples_InsertionSort_no_hints.dfy,5
277,Program-Verification-Dataset_tmp_tmpgbdrlnu__Dafny_advanced examples_MatrixMultiplication_no_hints.dfy,2
278,Program-Verification-Dataset_tmp_tmpgbdrlnu__Dafny_advanced examples_Modules_no_hints.dfy,failed
279,Program-Verification-Dataset_tmp_tmpgbdrlnu__Dafny_advanced examples_OneHundredPrisonersAndALightbulb_no_hints.dfy,failed
280,Program-Verification-Dataset_tmp_tmpgbdrlnu__Dafny_advanced examples_Percentile_no_hints.dfy,1
281,Program-Verification-Dataset_tmp_tmpgbdrlnu__Dafny_advanced examples_Refinement_no_hints.dfy,1
282,Program-Verification-Dataset_tmp_tmpgbdrlnu__Dafny_advanced examples_ReverseString_no_hints.dfy,1
283,Program-Verification-Dataset_tmp_tmpgbdrlnu__Dafny_advanced examples_demo_no_hints.dfy,2
284,Program-Verification-Dataset_tmp_tmpgbdrlnu__Dafny_algorithms and leetcode_ProgramProofs_ch15_no_hints.dfy,3
285,Program-Verification-Dataset_tmp_tmpgbdrlnu__Dafny_algorithms and leetcode_examples_bubblesort_no_hints.dfy,failed
286,Program-Verification-Dataset_tmp_tmpgbdrlnu__Dafny_algorithms and leetcode_examples_relativeOrder_no_hints.dfy,3
287,Program-Verification-Dataset_tmp_tmpgbdrlnu__Dafny_algorithms and leetcode_examples_simpleMultiplication_no_hints.dfy,1
288,Program-Verification-Dataset_tmp_tmpgbdrlnu__Dafny_algorithms and leetcode_heap2_no_hints.dfy,2
289,Program-Verification-Dataset_tmp_tmpgbdrlnu__Dafny_algorithms and leetcode_leetcode_BoatsToSavePeople_no_hints.dfy,1
290,Program-Verification-Dataset_tmp_tmpgbdrlnu__Dafny_algorithms and leetcode_leetcode_FindPivotIndex_no_hints.dfy,failed
291,Program-Verification-Dataset_tmp_tmpgbdrlnu__Dafny_algorithms and leetcode_leetcode_ReverseLinkedList_no_hints.dfy,failed
292,Program-Verification-Dataset_tmp_tmpgbdrlnu__Dafny_algorithms and leetcode_leetcode_lc-remove-element_no_hints.dfy,1
293,Program-Verification-Dataset_tmp_tmpgbdrlnu__Dafny_algorithms and leetcode_leetcode_pathSum_no_hints.dfy,2
294,Program-Verification-Dataset_tmp_tmpgbdrlnu__Dafny_algorithms and leetcode_leetcode_stairClimbing_no_hints.dfy,failed
295,Program-Verification-Dataset_tmp_tmpgbdrlnu__Dafny_algorithms and leetcode_leetcode_validAnagram_no_hints.dfy,failed
296,Program-Verification-Dataset_tmp_tmpgbdrlnu__Dafny_algorithms and leetcode_lib_seq_no_hints.dfy,failed
297,Program-Verification-Dataset_tmp_tmpgbdrlnu__Dafny_algorithms and leetcode_math_pearson_no_hints.dfy,failed
298,Program-Verification-Dataset_tmp_tmpgbdrlnu__Dafny_basic examples_BubbleSort_no_hints.dfy,failed
299,Program-Verification-Dataset_tmp_tmpgbdrlnu__Dafny_basic examples_BubbleSort_sol_no_hints.dfy,failed
300,Program-Verification-Dataset_tmp_tmpgbdrlnu__Dafny_basic examples_add_by_one_details_no_hints.dfy,2
301,Program-Verification-Dataset_tmp_tmpgbdrlnu__Dafny_basic examples_add_by_one_no_hints.dfy,1
302,Program-Verification-Dataset_tmp_tmpgbdrlnu__Dafny_basic examples_find_max_no_hints.dfy,1
303,Program-Verification-Dataset_tmp_tmpgbdrlnu__Dafny_basic examples_product_details_no_hints.dfy,2
304,Program-Verification-Dataset_tmp_tmpgbdrlnu__Dafny_basic examples_sumto_sol_no_hints.dfy,3
305,Program-Verification-Dataset_tmp_tmpgbdrlnu__Dafny_from dafny main repo_dafny0_GhostITECompilation_no_hints.dfy,6
306,Program-Verification-Dataset_tmp_tmpgbdrlnu__Dafny_from dafny main repo_dafny0_ModulePrint_no_hints.dfy,2
307,Program-Verification-Dataset_tmp_tmpgbdrlnu__Dafny_from dafny main repo_dafny1_BDD_no_hints.dfy,failed
308,Program-Verification-Dataset_tmp_tmpgbdrlnu__Dafny_from dafny main repo_dafny1_ListContents_no_hints.dfy,failed
309,Program-Verification-Dataset_tmp_tmpgbdrlnu__Dafny_from dafny main repo_dafny1_Queue_no_hints.dfy,3
310,Program-Verification-Dataset_tmp_tmpgbdrlnu__Dafny_from dafny main repo_dafny2_COST-verif-comp-2011-2-MaxTree-class_no_hints.dfy,3
311,Program-Verification-Dataset_tmp_tmpgbdrlnu__Dafny_from dafny main repo_dafny2_COST-verif-comp-2011-3-TwoDuplicates_no_hints.dfy,5
312,Program-Verification-Dataset_tmp_tmpgbdrlnu__Dafny_from dafny main repo_dafny2_Classics_no_hints.dfy,failed
313,Program-Verification-Dataset_tmp_tmpgbdrlnu__Dafny_from dafny main repo_dafny2_MajorityVote_no_hints.dfy,1
314,Program-Verification-Dataset_tmp_tmpgbdrlnu__Dafny_from dafny main repo_dafny2_StoreAndRetrieve_no_hints.dfy,9
315,Program-Verification-Dataset_tmp_tmpgbdrlnu__Dafny_from dafny main repo_dafny3_CachedContainer_no_hints.dfy,5
316,Program-Verification-Dataset_tmp_tmpgbdrlnu__Dafny_from dafny main repo_dafny3_CalcExample_no_hints.dfy,3
317,Program-Verification-Dataset_tmp_tmpgbdrlnu__Dafny_from dafny main repo_dafny3_InfiniteTrees_no_hints.dfy,failed
318,Program-Verification-Dataset_tmp_tmpgbdrlnu__Dafny_from dafny main repo_dafny3_Iter_no_hints.dfy,failed
319,Program-Verification-Dataset_tmp_tmpgbdrlnu__Dafny_from dafny main repo_dafny3_Streams_no_hints.dfy,3
320,Program-Verification-Dataset_tmp_tmpgbdrlnu__Dafny_from dafny main repo_dafny4_ACL2-extractor_no_hints.dfy,5
321,Program-Verification-Dataset_tmp_tmpgbdrlnu__Dafny_from dafny main repo_dafny4_Bug170_no_hints.dfy,2
322,Program-Verification-Dataset_tmp_tmpgbdrlnu__Dafny_from dafny main repo_dafny4_ClassRefinement_no_hints.dfy,failed
323,Program-Verification-Dataset_tmp_tmpgbdrlnu__Dafny_from dafny main repo_dafny4_NipkowKlein-chapter3_no_hints.dfy,1
324,Program-Verification-Dataset_tmp_tmpgbdrlnu__Dafny_from dafny main repo_dafny4_Primes_no_hints.dfy,failed
328,Program-Verification-Dataset_tmp_tmpgbdrlnu__Dafny_mathematical objects verification_examples_fast_exp_no_hints.dfy,failed
329,Program-Verification-Dataset_tmp_tmpgbdrlnu__Dafny_mathematical objects verification_examples_interval_example_no_hints.dfy,1
330,Program-Verification-Dataset_tmp_tmpgbdrlnu__Dafny_mathematical objects verification_examples_library_no_hints.dfy,1
331,Program-Verification-Dataset_tmp_tmpgbdrlnu__Dafny_mathematical objects verification_examples_logic_no_hints.dfy,1
332,Program-Verification-Dataset_tmp_tmpgbdrlnu__Dafny_pregel algorithms_skeleton_nondet-permutation_no_hints.dfy,failed
333,Program-Verification-Dataset_tmp_tmpgbdrlnu__Dafny_vampire project_original_Searching_no_hints.dfy,1
334,Program-Verification-Dataset_tmp_tmpgbdrlnu__Dafny_variant examples_KatzManna_no_hints.dfy,failed
335,Program-Verification-Dataset_tmp_tmpgbdrlnu__Dafny_variant examples_SumOfCubes_no_hints.dfy,failed
336,Program-Verification-Dataset_tmp_tmpgbdrlnu__Dafny_verified algorithms_inductive_props_no_hints.dfy,failed
337,Program-Verification-Dataset_tmp_tmpgbdrlnu__Dafny_verified algorithms_lol_sort_no_hints.dfy,3
345,ProjectosCVS_tmp_tmp_02_gmcw_Handout 1_CVS_handout1_55754_55780_no_hints.dfy,1
363,Software-Verification_tmp_tmpv4ueky2d_Best Time to Buy and Sell Stock_best_time_to_buy_and_sell_stock_no_hints.dfy,1
364,Software-Verification_tmp_tmpv4ueky2d_Contains Duplicate_contains_duplicate_no_hints.dfy,2
365,Software-Verification_tmp_tmpv4ueky2d_Counting Bits_counting_bits_no_hints.dfy,1
366,Software-Verification_tmp_tmpv4ueky2d_Longest Increasing Subsequence_longest_increasing_subsequence_no_hints.dfy,8
367,Software-Verification_tmp_tmpv4ueky2d_Non-overlapping Intervals_non_overlapping_intervals_no_hints.dfy,9
368,Software-Verification_tmp_tmpv4ueky2d_Remove Duplicates from Sorted Array_remove_duplicates_from_sorted_array_no_hints.dfy,7
369,Software-Verification_tmp_tmpv4ueky2d_Remove Element_remove_element_no_hints.dfy,2
370,Software-Verification_tmp_tmpv4ueky2d_Valid Anagram_valid_anagram_no_hints.dfy,5
371,Software-Verification_tmp_tmpv4ueky2d_Valid Palindrome_valid_panlindrome_no_hints.dfy,1
378,TFG_tmp_tmpbvsao41w_Algoritmos Dafny_div_ent_it_no_hints.dfy,1
379,TFG_tmp_tmpbvsao41w_Algoritmos Dafny_suma_it_no_hints.dfy,1
