spec_name,subfolder,spec_to_code,spec_link,impl_link
benchmarks/dafny/humaneval/yaml/038-encode_cyclic__decode_cyclic,benchmarks,FAILED,https://github.com/Beneficial-AI-Foundation/vericoding/blob/update-vericoder/benchmarks/dafny/humaneval/yaml/benchmarks/dafny/humaneval/yaml/038-encode_cyclic__decode_cyclic.yaml,https://github.com/Beneficial-AI-Foundation/vericoding/blob/update-vericoder/benchmarks/dafny/humaneval/code_from_spec_on_29-08_09h24/dafny/038-encode_cyclic__decode_cyclic_impl.dfy
benchmarks/dafny/humaneval/yaml/138_is_equal_to_sum_even,benchmarks,FAILED,https://github.com/Beneficial-AI-Foundation/vericoding/blob/update-vericoder/benchmarks/dafny/humaneval/yaml/benchmarks/dafny/humaneval/yaml/138_is_equal_to_sum_even.yaml,https://github.com/Beneficial-AI-Foundation/vericoding/blob/update-vericoder/benchmarks/dafny/humaneval/code_from_spec_on_29-08_09h24/dafny/138_is_equal_to_sum_even_impl.dfy
benchmarks/dafny/humaneval/yaml/136-largest_smallest_integers,benchmarks,FAILED,https://github.com/Beneficial-AI-Foundation/vericoding/blob/update-vericoder/benchmarks/dafny/humaneval/yaml/benchmarks/dafny/humaneval/yaml/136-largest_smallest_integers.yaml,https://github.com/Beneficial-AI-Foundation/vericoding/blob/update-vericoder/benchmarks/dafny/humaneval/code_from_spec_on_29-08_09h24/dafny/136-largest_smallest_integers_impl.dfy
benchmarks/dafny/humaneval/yaml/012-longest,benchmarks,FAILED,https://github.com/Beneficial-AI-Foundation/vericoding/blob/update-vericoder/benchmarks/dafny/humaneval/yaml/benchmarks/dafny/humaneval/yaml/012-longest.yaml,https://github.com/Beneficial-AI-Foundation/vericoding/blob/update-vericoder/benchmarks/dafny/humaneval/code_from_spec_on_29-08_09h24/dafny/012-longest_impl.dfy
benchmarks/dafny/humaneval/yaml/075-is_multiply_prime,benchmarks,FAILED,https://github.com/Beneficial-AI-Foundation/vericoding/blob/update-vericoder/benchmarks/dafny/humaneval/yaml/benchmarks/dafny/humaneval/yaml/075-is_multiply_prime.yaml,https://github.com/Beneficial-AI-Foundation/vericoding/blob/update-vericoder/benchmarks/dafny/humaneval/code_from_spec_on_29-08_09h24/dafny/075-is_multiply_prime_impl.dfy
benchmarks/dafny/humaneval/yaml/034-unique__uniqueSorted,benchmarks,FAILED,https://github.com/Beneficial-AI-Foundation/vericoding/blob/update-vericoder/benchmarks/dafny/humaneval/yaml/benchmarks/dafny/humaneval/yaml/034-unique__uniqueSorted.yaml,https://github.com/Beneficial-AI-Foundation/vericoding/blob/update-vericoder/benchmarks/dafny/humaneval/code_from_spec_on_29-08_09h24/dafny/034-unique__uniqueSorted_impl.dfy
benchmarks/dafny/humaneval/yaml/123-get_odd_collatz__get_odd_collatz_unsorted,benchmarks,FAILED,https://github.com/Beneficial-AI-Foundation/vericoding/blob/update-vericoder/benchmarks/dafny/humaneval/yaml/benchmarks/dafny/humaneval/yaml/123-get_odd_collatz__get_odd_collatz_unsorted.yaml,https://github.com/Beneficial-AI-Foundation/vericoding/blob/update-vericoder/benchmarks/dafny/humaneval/code_from_spec_on_29-08_09h24/dafny/123-get_odd_collatz__get_odd_collatz_unsorted_impl.dfy
benchmarks/dafny/humaneval/yaml/006-parse_nested_parens__split,benchmarks,FAILED,https://github.com/Beneficial-AI-Foundation/vericoding/blob/update-vericoder/benchmarks/dafny/humaneval/yaml/benchmarks/dafny/humaneval/yaml/006-parse_nested_parens__split.yaml,https://github.com/Beneficial-AI-Foundation/vericoding/blob/update-vericoder/benchmarks/dafny/humaneval/code_from_spec_on_29-08_09h24/dafny/006-parse_nested_parens__split_impl.dfy
benchmarks/dafny/humaneval/yaml/090-next_smallest,benchmarks,FAILED,https://github.com/Beneficial-AI-Foundation/vericoding/blob/update-vericoder/benchmarks/dafny/humaneval/yaml/benchmarks/dafny/humaneval/yaml/090-next_smallest.yaml,https://github.com/Beneficial-AI-Foundation/vericoding/blob/update-vericoder/benchmarks/dafny/humaneval/code_from_spec_on_29-08_09h24/dafny/090-next_smallest_impl.dfy
benchmarks/dafny/humaneval/yaml/104-unique_digits,benchmarks,FAILED,https://github.com/Beneficial-AI-Foundation/vericoding/blob/update-vericoder/benchmarks/dafny/humaneval/yaml/benchmarks/dafny/humaneval/yaml/104-unique_digits.yaml,https://github.com/Beneficial-AI-Foundation/vericoding/blob/update-vericoder/benchmarks/dafny/humaneval/code_from_spec_on_29-08_09h24/dafny/104-unique_digits_impl.dfy
benchmarks/dafny/humaneval/yaml/050-encode_shift__encode_shift,benchmarks,FAILED,https://github.com/Beneficial-AI-Foundation/vericoding/blob/update-vericoder/benchmarks/dafny/humaneval/yaml/benchmarks/dafny/humaneval/yaml/050-encode_shift__encode_shift.yaml,https://github.com/Beneficial-AI-Foundation/vericoding/blob/update-vericoder/benchmarks/dafny/humaneval/code_from_spec_on_29-08_09h24/dafny/050-encode_shift__encode_shift_impl.dfy
benchmarks/dafny/humaneval/yaml/105-by_length__SortReverseAndName,benchmarks,FAILED,https://github.com/Beneficial-AI-Foundation/vericoding/blob/update-vericoder/benchmarks/dafny/humaneval/yaml/benchmarks/dafny/humaneval/yaml/105-by_length__SortReverseAndName.yaml,https://github.com/Beneficial-AI-Foundation/vericoding/blob/update-vericoder/benchmarks/dafny/humaneval/code_from_spec_on_29-08_09h24/dafny/105-by_length__SortReverseAndName_impl.dfy
benchmarks/dafny/humaneval/yaml/108-count_nums,benchmarks,FAILED,https://github.com/Beneficial-AI-Foundation/vericoding/blob/update-vericoder/benchmarks/dafny/humaneval/yaml/benchmarks/dafny/humaneval/yaml/108-count_nums.yaml,https://github.com/Beneficial-AI-Foundation/vericoding/blob/update-vericoder/benchmarks/dafny/humaneval/code_from_spec_on_29-08_09h24/dafny/108-count_nums_impl.dfy
benchmarks/dafny/humaneval/yaml/163-generate_integers__generate_integers,benchmarks,FAILED,https://github.com/Beneficial-AI-Foundation/vericoding/blob/update-vericoder/benchmarks/dafny/humaneval/yaml/benchmarks/dafny/humaneval/yaml/163-generate_integers__generate_integers.yaml,https://github.com/Beneficial-AI-Foundation/vericoding/blob/update-vericoder/benchmarks/dafny/humaneval/code_from_spec_on_29-08_09h24/dafny/163-generate_integers__generate_integers_impl.dfy
benchmarks/dafny/humaneval/yaml/133-sum_squares,benchmarks,FAILED,https://github.com/Beneficial-AI-Foundation/vericoding/blob/update-vericoder/benchmarks/dafny/humaneval/yaml/benchmarks/dafny/humaneval/yaml/133-sum_squares.yaml,https://github.com/Beneficial-AI-Foundation/vericoding/blob/update-vericoder/benchmarks/dafny/humaneval/code_from_spec_on_29-08_09h24/dafny/133-sum_squares_impl.dfy
benchmarks/dafny/humaneval/yaml/114-minSubArraySum,benchmarks,FAILED,https://github.com/Beneficial-AI-Foundation/vericoding/blob/update-vericoder/benchmarks/dafny/humaneval/yaml/benchmarks/dafny/humaneval/yaml/114-minSubArraySum.yaml,https://github.com/Beneficial-AI-Foundation/vericoding/blob/update-vericoder/benchmarks/dafny/humaneval/code_from_spec_on_29-08_09h24/dafny/114-minSubArraySum_impl.dfy
benchmarks/dafny/humaneval/yaml/043-pairs-sum-to-zero,benchmarks,FAILED,https://github.com/Beneficial-AI-Foundation/vericoding/blob/update-vericoder/benchmarks/dafny/humaneval/yaml/benchmarks/dafny/humaneval/yaml/043-pairs-sum-to-zero.yaml,https://github.com/Beneficial-AI-Foundation/vericoding/blob/update-vericoder/benchmarks/dafny/humaneval/code_from_spec_on_29-08_09h24/dafny/043-pairs-sum-to-zero_impl.dfy
benchmarks/dafny/humaneval/yaml/035-max-element,benchmarks,FAILED,https://github.com/Beneficial-AI-Foundation/vericoding/blob/update-vericoder/benchmarks/dafny/humaneval/yaml/benchmarks/dafny/humaneval/yaml/035-max-element.yaml,https://github.com/Beneficial-AI-Foundation/vericoding/blob/update-vericoder/benchmarks/dafny/humaneval/code_from_spec_on_29-08_09h24/dafny/035-max-element_impl.dfy
benchmarks/dafny/humaneval/yaml/121-solution,benchmarks,FAILED,https://github.com/Beneficial-AI-Foundation/vericoding/blob/update-vericoder/benchmarks/dafny/humaneval/yaml/benchmarks/dafny/humaneval/yaml/121-solution.yaml,https://github.com/Beneficial-AI-Foundation/vericoding/blob/update-vericoder/benchmarks/dafny/humaneval/code_from_spec_on_29-08_09h24/dafny/121-solution_impl.dfy
benchmarks/dafny/humaneval/yaml/115-max_fill,benchmarks,FAILED,https://github.com/Beneficial-AI-Foundation/vericoding/blob/update-vericoder/benchmarks/dafny/humaneval/yaml/benchmarks/dafny/humaneval/yaml/115-max_fill.yaml,https://github.com/Beneficial-AI-Foundation/vericoding/blob/update-vericoder/benchmarks/dafny/humaneval/code_from_spec_on_29-08_09h24/dafny/115-max_fill_impl.dfy
benchmarks/dafny/humaneval/yaml/142-sum_squares,benchmarks,FAILED,https://github.com/Beneficial-AI-Foundation/vericoding/blob/update-vericoder/benchmarks/dafny/humaneval/yaml/benchmarks/dafny/humaneval/yaml/142-sum_squares.yaml,https://github.com/Beneficial-AI-Foundation/vericoding/blob/update-vericoder/benchmarks/dafny/humaneval/code_from_spec_on_29-08_09h24/dafny/142-sum_squares_impl.dfy
benchmarks/dafny/humaneval/yaml/052-below-threshold,benchmarks,FAILED,https://github.com/Beneficial-AI-Foundation/vericoding/blob/update-vericoder/benchmarks/dafny/humaneval/yaml/benchmarks/dafny/humaneval/yaml/052-below-threshold.yaml,https://github.com/Beneficial-AI-Foundation/vericoding/blob/update-vericoder/benchmarks/dafny/humaneval/code_from_spec_on_29-08_09h24/dafny/052-below-threshold_impl.dfy
benchmarks/dafny/humaneval/yaml/161-solve__reverse,benchmarks,FAILED,https://github.com/Beneficial-AI-Foundation/vericoding/blob/update-vericoder/benchmarks/dafny/humaneval/yaml/benchmarks/dafny/humaneval/yaml/161-solve__reverse.yaml,https://github.com/Beneficial-AI-Foundation/vericoding/blob/update-vericoder/benchmarks/dafny/humaneval/code_from_spec_on_29-08_09h24/dafny/161-solve__reverse_impl.dfy
benchmarks/dafny/humaneval/yaml/123-get_odd_collatz__next_odd_collatz_iter,benchmarks,FAILED,https://github.com/Beneficial-AI-Foundation/vericoding/blob/update-vericoder/benchmarks/dafny/humaneval/yaml/benchmarks/dafny/humaneval/yaml/123-get_odd_collatz__next_odd_collatz_iter.yaml,https://github.com/Beneficial-AI-Foundation/vericoding/blob/update-vericoder/benchmarks/dafny/humaneval/code_from_spec_on_29-08_09h24/dafny/123-get_odd_collatz__next_odd_collatz_iter_impl.dfy
benchmarks/dafny/humaneval/yaml/051-remove-vowels,benchmarks,FAILED,https://github.com/Beneficial-AI-Foundation/vericoding/blob/update-vericoder/benchmarks/dafny/humaneval/yaml/benchmarks/dafny/humaneval/yaml/051-remove-vowels.yaml,https://github.com/Beneficial-AI-Foundation/vericoding/blob/update-vericoder/benchmarks/dafny/humaneval/code_from_spec_on_29-08_09h24/dafny/051-remove-vowels_impl.dfy
benchmarks/dafny/humaneval/yaml/152-compare,benchmarks,FAILED,https://github.com/Beneficial-AI-Foundation/vericoding/blob/update-vericoder/benchmarks/dafny/humaneval/yaml/benchmarks/dafny/humaneval/yaml/152-compare.yaml,https://github.com/Beneficial-AI-Foundation/vericoding/blob/update-vericoder/benchmarks/dafny/humaneval/code_from_spec_on_29-08_09h24/dafny/152-compare_impl.dfy
benchmarks/dafny/humaneval/yaml/073-smallest_change,benchmarks,FAILED,https://github.com/Beneficial-AI-Foundation/vericoding/blob/update-vericoder/benchmarks/dafny/humaneval/yaml/benchmarks/dafny/humaneval/yaml/073-smallest_change.yaml,https://github.com/Beneficial-AI-Foundation/vericoding/blob/update-vericoder/benchmarks/dafny/humaneval/code_from_spec_on_29-08_09h24/dafny/073-smallest_change_impl.dfy
benchmarks/dafny/humaneval/yaml/045-triangle_area,benchmarks,FAILED,https://github.com/Beneficial-AI-Foundation/vericoding/blob/update-vericoder/benchmarks/dafny/humaneval/yaml/benchmarks/dafny/humaneval/yaml/045-triangle_area.yaml,https://github.com/Beneficial-AI-Foundation/vericoding/blob/update-vericoder/benchmarks/dafny/humaneval/code_from_spec_on_29-08_09h24/dafny/045-triangle_area_impl.dfy
benchmarks/dafny/humaneval/yaml/102-choose_num,benchmarks,FAILED,https://github.com/Beneficial-AI-Foundation/vericoding/blob/update-vericoder/benchmarks/dafny/humaneval/yaml/benchmarks/dafny/humaneval/yaml/102-choose_num.yaml,https://github.com/Beneficial-AI-Foundation/vericoding/blob/update-vericoder/benchmarks/dafny/humaneval/code_from_spec_on_29-08_09h24/dafny/102-choose_num_impl.dfy
benchmarks/dafny/humaneval/yaml/105-by_length__SortSeq,benchmarks,FAILED,https://github.com/Beneficial-AI-Foundation/vericoding/blob/update-vericoder/benchmarks/dafny/humaneval/yaml/benchmarks/dafny/humaneval/yaml/105-by_length__SortSeq.yaml,https://github.com/Beneficial-AI-Foundation/vericoding/blob/update-vericoder/benchmarks/dafny/humaneval/code_from_spec_on_29-08_09h24/dafny/105-by_length__SortSeq_impl.dfy
benchmarks/dafny/humaneval/yaml/006-parse_nested_parens__parse_nested_parens,benchmarks,FAILED,https://github.com/Beneficial-AI-Foundation/vericoding/blob/update-vericoder/benchmarks/dafny/humaneval/yaml/benchmarks/dafny/humaneval/yaml/006-parse_nested_parens__parse_nested_parens.yaml,https://github.com/Beneficial-AI-Foundation/vericoding/blob/update-vericoder/benchmarks/dafny/humaneval/code_from_spec_on_29-08_09h24/dafny/006-parse_nested_parens__parse_nested_parens_impl.dfy
benchmarks/dafny/humaneval/yaml/065-circular_shift__reverse,benchmarks,FAILED,https://github.com/Beneficial-AI-Foundation/vericoding/blob/update-vericoder/benchmarks/dafny/humaneval/yaml/benchmarks/dafny/humaneval/yaml/065-circular_shift__reverse.yaml,https://github.com/Beneficial-AI-Foundation/vericoding/blob/update-vericoder/benchmarks/dafny/humaneval/code_from_spec_on_29-08_09h24/dafny/065-circular_shift__reverse_impl.dfy
benchmarks/dafny/humaneval/yaml/065-circular_shift__circular_shift,benchmarks,FAILED,https://github.com/Beneficial-AI-Foundation/vericoding/blob/update-vericoder/benchmarks/dafny/humaneval/yaml/benchmarks/dafny/humaneval/yaml/065-circular_shift__circular_shift.yaml,https://github.com/Beneficial-AI-Foundation/vericoding/blob/update-vericoder/benchmarks/dafny/humaneval/code_from_spec_on_29-08_09h24/dafny/065-circular_shift__circular_shift_impl.dfy
benchmarks/dafny/humaneval/yaml/139-special_factorial,benchmarks,FAILED,https://github.com/Beneficial-AI-Foundation/vericoding/blob/update-vericoder/benchmarks/dafny/humaneval/yaml/benchmarks/dafny/humaneval/yaml/139-special_factorial.yaml,https://github.com/Beneficial-AI-Foundation/vericoding/blob/update-vericoder/benchmarks/dafny/humaneval/code_from_spec_on_29-08_09h24/dafny/139-special_factorial_impl.dfy
benchmarks/dafny/humaneval/yaml/146_specialFilter,benchmarks,FAILED,https://github.com/Beneficial-AI-Foundation/vericoding/blob/update-vericoder/benchmarks/dafny/humaneval/yaml/benchmarks/dafny/humaneval/yaml/146_specialFilter.yaml,https://github.com/Beneficial-AI-Foundation/vericoding/blob/update-vericoder/benchmarks/dafny/humaneval/code_from_spec_on_29-08_09h24/dafny/146_specialFilter_impl.dfy
benchmarks/dafny/humaneval/yaml/059-largest-prime-factor__is_prime,benchmarks,FAILED,https://github.com/Beneficial-AI-Foundation/vericoding/blob/update-vericoder/benchmarks/dafny/humaneval/yaml/benchmarks/dafny/humaneval/yaml/059-largest-prime-factor__is_prime.yaml,https://github.com/Beneficial-AI-Foundation/vericoding/blob/update-vericoder/benchmarks/dafny/humaneval/code_from_spec_on_29-08_09h24/dafny/059-largest-prime-factor__is_prime_impl.dfy
benchmarks/dafny/humaneval/yaml/054-same-chars,benchmarks,FAILED,https://github.com/Beneficial-AI-Foundation/vericoding/blob/update-vericoder/benchmarks/dafny/humaneval/yaml/benchmarks/dafny/humaneval/yaml/054-same-chars.yaml,https://github.com/Beneficial-AI-Foundation/vericoding/blob/update-vericoder/benchmarks/dafny/humaneval/code_from_spec_on_29-08_09h24/dafny/054-same-chars_impl.dfy
benchmarks/dafny/humaneval/yaml/100-make_a_pile,benchmarks,FAILED,https://github.com/Beneficial-AI-Foundation/vericoding/blob/update-vericoder/benchmarks/dafny/humaneval/yaml/benchmarks/dafny/humaneval/yaml/100-make_a_pile.yaml,https://github.com/Beneficial-AI-Foundation/vericoding/blob/update-vericoder/benchmarks/dafny/humaneval/code_from_spec_on_29-08_09h24/dafny/100-make_a_pile_impl.dfy
benchmarks/dafny/humaneval/yaml/008-sum_product,benchmarks,FAILED,https://github.com/Beneficial-AI-Foundation/vericoding/blob/update-vericoder/benchmarks/dafny/humaneval/yaml/benchmarks/dafny/humaneval/yaml/008-sum_product.yaml,https://github.com/Beneficial-AI-Foundation/vericoding/blob/update-vericoder/benchmarks/dafny/humaneval/code_from_spec_on_29-08_09h24/dafny/008-sum_product_impl.dfy
benchmarks/dafny/humaneval/yaml/077-iscube__is_cube,benchmarks,FAILED,https://github.com/Beneficial-AI-Foundation/vericoding/blob/update-vericoder/benchmarks/dafny/humaneval/yaml/benchmarks/dafny/humaneval/yaml/077-iscube__is_cube.yaml,https://github.com/Beneficial-AI-Foundation/vericoding/blob/update-vericoder/benchmarks/dafny/humaneval/code_from_spec_on_29-08_09h24/dafny/077-iscube__is_cube_impl.dfy
benchmarks/dafny/humaneval/yaml/088-sort_array__SortSeq,benchmarks,FAILED,https://github.com/Beneficial-AI-Foundation/vericoding/blob/update-vericoder/benchmarks/dafny/humaneval/yaml/benchmarks/dafny/humaneval/yaml/088-sort_array__SortSeq.yaml,https://github.com/Beneficial-AI-Foundation/vericoding/blob/update-vericoder/benchmarks/dafny/humaneval/code_from_spec_on_29-08_09h24/dafny/088-sort_array__SortSeq_impl.dfy
benchmarks/dafny/humaneval/yaml/123-get_odd_collatz__get_odd_collatz,benchmarks,FAILED,https://github.com/Beneficial-AI-Foundation/vericoding/blob/update-vericoder/benchmarks/dafny/humaneval/yaml/benchmarks/dafny/humaneval/yaml/123-get_odd_collatz__get_odd_collatz.yaml,https://github.com/Beneficial-AI-Foundation/vericoding/blob/update-vericoder/benchmarks/dafny/humaneval/code_from_spec_on_29-08_09h24/dafny/123-get_odd_collatz__get_odd_collatz_impl.dfy
benchmarks/dafny/humaneval/yaml/059-largest-prime-factor__largest_prime_factor,benchmarks,FAILED,https://github.com/Beneficial-AI-Foundation/vericoding/blob/update-vericoder/benchmarks/dafny/humaneval/yaml/benchmarks/dafny/humaneval/yaml/059-largest-prime-factor__largest_prime_factor.yaml,https://github.com/Beneficial-AI-Foundation/vericoding/blob/update-vericoder/benchmarks/dafny/humaneval/code_from_spec_on_29-08_09h24/dafny/059-largest-prime-factor__largest_prime_factor_impl.dfy
benchmarks/dafny/humaneval/yaml/050-encode_shift__decode_shift,benchmarks,FAILED,https://github.com/Beneficial-AI-Foundation/vericoding/blob/update-vericoder/benchmarks/dafny/humaneval/yaml/benchmarks/dafny/humaneval/yaml/050-encode_shift__decode_shift.yaml,https://github.com/Beneficial-AI-Foundation/vericoding/blob/update-vericoder/benchmarks/dafny/humaneval/code_from_spec_on_29-08_09h24/dafny/050-encode_shift__decode_shift_impl.dfy
benchmarks/dafny/humaneval/yaml/036-fizz_buzz__fizz_buzz,benchmarks,FAILED,https://github.com/Beneficial-AI-Foundation/vericoding/blob/update-vericoder/benchmarks/dafny/humaneval/yaml/benchmarks/dafny/humaneval/yaml/036-fizz_buzz__fizz_buzz.yaml,https://github.com/Beneficial-AI-Foundation/vericoding/blob/update-vericoder/benchmarks/dafny/humaneval/code_from_spec_on_29-08_09h24/dafny/036-fizz_buzz__fizz_buzz_impl.dfy
benchmarks/dafny/humaneval/yaml/088-sort_array__sort_array,benchmarks,FAILED,https://github.com/Beneficial-AI-Foundation/vericoding/blob/update-vericoder/benchmarks/dafny/humaneval/yaml/benchmarks/dafny/humaneval/yaml/088-sort_array__sort_array.yaml,https://github.com/Beneficial-AI-Foundation/vericoding/blob/update-vericoder/benchmarks/dafny/humaneval/code_from_spec_on_29-08_09h24/dafny/088-sort_array__sort_array_impl.dfy
benchmarks/dafny/humaneval/yaml/095-check_dict_case,benchmarks,FAILED,https://github.com/Beneficial-AI-Foundation/vericoding/blob/update-vericoder/benchmarks/dafny/humaneval/yaml/benchmarks/dafny/humaneval/yaml/095-check_dict_case.yaml,https://github.com/Beneficial-AI-Foundation/vericoding/blob/update-vericoder/benchmarks/dafny/humaneval/code_from_spec_on_29-08_09h24/dafny/095-check_dict_case_impl.dfy
benchmarks/dafny/humaneval/yaml/033-sort_third__SortSeqPred,benchmarks,FAILED,https://github.com/Beneficial-AI-Foundation/vericoding/blob/update-vericoder/benchmarks/dafny/humaneval/yaml/benchmarks/dafny/humaneval/yaml/033-sort_third__SortSeqPred.yaml,https://github.com/Beneficial-AI-Foundation/vericoding/blob/update-vericoder/benchmarks/dafny/humaneval/code_from_spec_on_29-08_09h24/dafny/033-sort_third__SortSeqPred_impl.dfy
benchmarks/dafny/humaneval/yaml/094-skjkasdkd,benchmarks,FAILED,https://github.com/Beneficial-AI-Foundation/vericoding/blob/update-vericoder/benchmarks/dafny/humaneval/yaml/benchmarks/dafny/humaneval/yaml/094-skjkasdkd.yaml,https://github.com/Beneficial-AI-Foundation/vericoding/blob/update-vericoder/benchmarks/dafny/humaneval/code_from_spec_on_29-08_09h24/dafny/094-skjkasdkd_impl.dfy
benchmarks/dafny/humaneval/yaml/037-sort_even__SortSeqPred,benchmarks,FAILED,https://github.com/Beneficial-AI-Foundation/vericoding/blob/update-vericoder/benchmarks/dafny/humaneval/yaml/benchmarks/dafny/humaneval/yaml/037-sort_even__SortSeqPred.yaml,https://github.com/Beneficial-AI-Foundation/vericoding/blob/update-vericoder/benchmarks/dafny/humaneval/code_from_spec_on_29-08_09h24/dafny/037-sort_even__SortSeqPred_impl.dfy
benchmarks/dafny/humaneval/yaml/120-maximum__SortSeq,benchmarks,FAILED,https://github.com/Beneficial-AI-Foundation/vericoding/blob/update-vericoder/benchmarks/dafny/humaneval/yaml/benchmarks/dafny/humaneval/yaml/120-maximum__SortSeq.yaml,https://github.com/Beneficial-AI-Foundation/vericoding/blob/update-vericoder/benchmarks/dafny/humaneval/code_from_spec_on_29-08_09h24/dafny/120-maximum__SortSeq_impl.dfy
benchmarks/dafny/humaneval/yaml/058-common,benchmarks,FAILED,https://github.com/Beneficial-AI-Foundation/vericoding/blob/update-vericoder/benchmarks/dafny/humaneval/yaml/benchmarks/dafny/humaneval/yaml/058-common.yaml,https://github.com/Beneficial-AI-Foundation/vericoding/blob/update-vericoder/benchmarks/dafny/humaneval/code_from_spec_on_29-08_09h24/dafny/058-common_impl.dfy
benchmarks/dafny/humaneval/yaml/069-search,benchmarks,FAILED,https://github.com/Beneficial-AI-Foundation/vericoding/blob/update-vericoder/benchmarks/dafny/humaneval/yaml/benchmarks/dafny/humaneval/yaml/069-search.yaml,https://github.com/Beneficial-AI-Foundation/vericoding/blob/update-vericoder/benchmarks/dafny/humaneval/code_from_spec_on_29-08_09h24/dafny/069-search_impl.dfy
benchmarks/dafny/humaneval/yaml/157-right_angle_triangle,benchmarks,FAILED,https://github.com/Beneficial-AI-Foundation/vericoding/blob/update-vericoder/benchmarks/dafny/humaneval/yaml/benchmarks/dafny/humaneval/yaml/157-right_angle_triangle.yaml,https://github.com/Beneficial-AI-Foundation/vericoding/blob/update-vericoder/benchmarks/dafny/humaneval/code_from_spec_on_29-08_09h24/dafny/157-right_angle_triangle_impl.dfy
benchmarks/dafny/humaneval/yaml/046-fib4,benchmarks,FAILED,https://github.com/Beneficial-AI-Foundation/vericoding/blob/update-vericoder/benchmarks/dafny/humaneval/yaml/benchmarks/dafny/humaneval/yaml/046-fib4.yaml,https://github.com/Beneficial-AI-Foundation/vericoding/blob/update-vericoder/benchmarks/dafny/humaneval/code_from_spec_on_29-08_09h24/dafny/046-fib4_impl.dfy
benchmarks/dafny/humaneval/yaml/096-count_up_to,benchmarks,FAILED,https://github.com/Beneficial-AI-Foundation/vericoding/blob/update-vericoder/benchmarks/dafny/humaneval/yaml/benchmarks/dafny/humaneval/yaml/096-count_up_to.yaml,https://github.com/Beneficial-AI-Foundation/vericoding/blob/update-vericoder/benchmarks/dafny/humaneval/code_from_spec_on_29-08_09h24/dafny/096-count_up_to_impl.dfy
benchmarks/dafny/humaneval/yaml/018-how_many_times,benchmarks,FAILED,https://github.com/Beneficial-AI-Foundation/vericoding/blob/update-vericoder/benchmarks/dafny/humaneval/yaml/benchmarks/dafny/humaneval/yaml/018-how_many_times.yaml,https://github.com/Beneficial-AI-Foundation/vericoding/blob/update-vericoder/benchmarks/dafny/humaneval/code_from_spec_on_29-08_09h24/dafny/018-how_many_times_impl.dfy
benchmarks/dafny/humaneval/yaml/034-unique__unique,benchmarks,FAILED,https://github.com/Beneficial-AI-Foundation/vericoding/blob/update-vericoder/benchmarks/dafny/humaneval/yaml/benchmarks/dafny/humaneval/yaml/034-unique__unique.yaml,https://github.com/Beneficial-AI-Foundation/vericoding/blob/update-vericoder/benchmarks/dafny/humaneval/code_from_spec_on_29-08_09h24/dafny/034-unique__unique_impl.dfy
benchmarks/dafny/humaneval/yaml/066-digitSum,benchmarks,FAILED,https://github.com/Beneficial-AI-Foundation/vericoding/blob/update-vericoder/benchmarks/dafny/humaneval/yaml/benchmarks/dafny/humaneval/yaml/066-digitSum.yaml,https://github.com/Beneficial-AI-Foundation/vericoding/blob/update-vericoder/benchmarks/dafny/humaneval/code_from_spec_on_29-08_09h24/dafny/066-digitSum_impl.dfy
benchmarks/dafny/humaneval/yaml/119-match_parens,benchmarks,FAILED,https://github.com/Beneficial-AI-Foundation/vericoding/blob/update-vericoder/benchmarks/dafny/humaneval/yaml/benchmarks/dafny/humaneval/yaml/119-match_parens.yaml,https://github.com/Beneficial-AI-Foundation/vericoding/blob/update-vericoder/benchmarks/dafny/humaneval/code_from_spec_on_29-08_09h24/dafny/119-match_parens_impl.dfy
benchmarks/dafny/humaneval/yaml/083-starts_one_ends,benchmarks,FAILED,https://github.com/Beneficial-AI-Foundation/vericoding/blob/update-vericoder/benchmarks/dafny/humaneval/yaml/benchmarks/dafny/humaneval/yaml/083-starts_one_ends.yaml,https://github.com/Beneficial-AI-Foundation/vericoding/blob/update-vericoder/benchmarks/dafny/humaneval/code_from_spec_on_29-08_09h24/dafny/083-starts_one_ends_impl.dfy
benchmarks/dafny/humaneval/yaml/078-hex_key,benchmarks,FAILED,https://github.com/Beneficial-AI-Foundation/vericoding/blob/update-vericoder/benchmarks/dafny/humaneval/yaml/benchmarks/dafny/humaneval/yaml/078-hex_key.yaml,https://github.com/Beneficial-AI-Foundation/vericoding/blob/update-vericoder/benchmarks/dafny/humaneval/code_from_spec_on_29-08_09h24/dafny/078-hex_key_impl.dfy
benchmarks/dafny/humaneval/yaml/151-double_the_difference,benchmarks,FAILED,https://github.com/Beneficial-AI-Foundation/vericoding/blob/update-vericoder/benchmarks/dafny/humaneval/yaml/benchmarks/dafny/humaneval/yaml/151-double_the_difference.yaml,https://github.com/Beneficial-AI-Foundation/vericoding/blob/update-vericoder/benchmarks/dafny/humaneval/code_from_spec_on_29-08_09h24/dafny/151-double_the_difference_impl.dfy
benchmarks/dafny/humaneval/yaml/110-exchange,benchmarks,FAILED,https://github.com/Beneficial-AI-Foundation/vericoding/blob/update-vericoder/benchmarks/dafny/humaneval/yaml/benchmarks/dafny/humaneval/yaml/110-exchange.yaml,https://github.com/Beneficial-AI-Foundation/vericoding/blob/update-vericoder/benchmarks/dafny/humaneval/code_from_spec_on_29-08_09h24/dafny/110-exchange_impl.dfy
benchmarks/dafny/humaneval/yaml/001-separate-paren-groups,benchmarks,FAILED,https://github.com/Beneficial-AI-Foundation/vericoding/blob/update-vericoder/benchmarks/dafny/humaneval/yaml/benchmarks/dafny/humaneval/yaml/001-separate-paren-groups.yaml,https://github.com/Beneficial-AI-Foundation/vericoding/blob/update-vericoder/benchmarks/dafny/humaneval/code_from_spec_on_29-08_09h24/dafny/001-separate-paren-groups_impl.dfy
benchmarks/dafny/humaneval/yaml/056-correct_bracketing,benchmarks,FAILED,https://github.com/Beneficial-AI-Foundation/vericoding/blob/update-vericoder/benchmarks/dafny/humaneval/yaml/benchmarks/dafny/humaneval/yaml/056-correct_bracketing.yaml,https://github.com/Beneficial-AI-Foundation/vericoding/blob/update-vericoder/benchmarks/dafny/humaneval/code_from_spec_on_29-08_09h24/dafny/056-correct_bracketing_impl.dfy
benchmarks/dafny/humaneval/yaml/020-find_closest_elements,benchmarks,FAILED,https://github.com/Beneficial-AI-Foundation/vericoding/blob/update-vericoder/benchmarks/dafny/humaneval/yaml/benchmarks/dafny/humaneval/yaml/020-find_closest_elements.yaml,https://github.com/Beneficial-AI-Foundation/vericoding/blob/update-vericoder/benchmarks/dafny/humaneval/code_from_spec_on_29-08_09h24/dafny/020-find_closest_elements_impl.dfy
benchmarks/dafny/humaneval/yaml/057-monotonic,benchmarks,FAILED,https://github.com/Beneficial-AI-Foundation/vericoding/blob/update-vericoder/benchmarks/dafny/humaneval/yaml/benchmarks/dafny/humaneval/yaml/057-monotonic.yaml,https://github.com/Beneficial-AI-Foundation/vericoding/blob/update-vericoder/benchmarks/dafny/humaneval/code_from_spec_on_29-08_09h24/dafny/057-monotonic_impl.dfy
benchmarks/dafny/humaneval/yaml/116-sort_array,benchmarks,FAILED,https://github.com/Beneficial-AI-Foundation/vericoding/blob/update-vericoder/benchmarks/dafny/humaneval/yaml/benchmarks/dafny/humaneval/yaml/116-sort_array.yaml,https://github.com/Beneficial-AI-Foundation/vericoding/blob/update-vericoder/benchmarks/dafny/humaneval/code_from_spec_on_29-08_09h24/dafny/116-sort_array_impl.dfy
benchmarks/dafny/humaneval/yaml/027-flip_case,benchmarks,FAILED,https://github.com/Beneficial-AI-Foundation/vericoding/blob/update-vericoder/benchmarks/dafny/humaneval/yaml/benchmarks/dafny/humaneval/yaml/027-flip_case.yaml,https://github.com/Beneficial-AI-Foundation/vericoding/blob/update-vericoder/benchmarks/dafny/humaneval/code_from_spec_on_29-08_09h24/dafny/027-flip_case_impl.dfy
benchmarks/dafny/humaneval/yaml/021-rescale_to_unit,benchmarks,FAILED,https://github.com/Beneficial-AI-Foundation/vericoding/blob/update-vericoder/benchmarks/dafny/humaneval/yaml/benchmarks/dafny/humaneval/yaml/021-rescale_to_unit.yaml,https://github.com/Beneficial-AI-Foundation/vericoding/blob/update-vericoder/benchmarks/dafny/humaneval/code_from_spec_on_29-08_09h24/dafny/021-rescale_to_unit_impl.dfy
benchmarks/dafny/humaneval/yaml/040-triples-sum-to-zero,benchmarks,FAILED,https://github.com/Beneficial-AI-Foundation/vericoding/blob/update-vericoder/benchmarks/dafny/humaneval/yaml/benchmarks/dafny/humaneval/yaml/040-triples-sum-to-zero.yaml,https://github.com/Beneficial-AI-Foundation/vericoding/blob/update-vericoder/benchmarks/dafny/humaneval/code_from_spec_on_29-08_09h24/dafny/040-triples-sum-to-zero_impl.dfy
benchmarks/dafny/humaneval/yaml/048-is-palindrome,benchmarks,FAILED,https://github.com/Beneficial-AI-Foundation/vericoding/blob/update-vericoder/benchmarks/dafny/humaneval/yaml/benchmarks/dafny/humaneval/yaml/048-is-palindrome.yaml,https://github.com/Beneficial-AI-Foundation/vericoding/blob/update-vericoder/benchmarks/dafny/humaneval/code_from_spec_on_29-08_09h24/dafny/048-is-palindrome_impl.dfy
benchmarks/dafny/humaneval/yaml/014-all_prefixes,benchmarks,FAILED,https://github.com/Beneficial-AI-Foundation/vericoding/blob/update-vericoder/benchmarks/dafny/humaneval/yaml/benchmarks/dafny/humaneval/yaml/014-all_prefixes.yaml,https://github.com/Beneficial-AI-Foundation/vericoding/blob/update-vericoder/benchmarks/dafny/humaneval/code_from_spec_on_29-08_09h24/dafny/014-all_prefixes_impl.dfy
benchmarks/dafny/humaneval/yaml/074-total_match__SumChars,benchmarks,FAILED,https://github.com/Beneficial-AI-Foundation/vericoding/blob/update-vericoder/benchmarks/dafny/humaneval/yaml/benchmarks/dafny/humaneval/yaml/074-total_match__SumChars.yaml,https://github.com/Beneficial-AI-Foundation/vericoding/blob/update-vericoder/benchmarks/dafny/humaneval/code_from_spec_on_29-08_09h24/dafny/074-total_match__SumChars_impl.dfy
benchmarks/dafny/humaneval/yaml/122-add_elements__select_at_most_two_digits,benchmarks,FAILED,https://github.com/Beneficial-AI-Foundation/vericoding/blob/update-vericoder/benchmarks/dafny/humaneval/yaml/benchmarks/dafny/humaneval/yaml/122-add_elements__select_at_most_two_digits.yaml,https://github.com/Beneficial-AI-Foundation/vericoding/blob/update-vericoder/benchmarks/dafny/humaneval/code_from_spec_on_29-08_09h24/dafny/122-add_elements__select_at_most_two_digits_impl.dfy
benchmarks/dafny/humaneval/yaml/161-solve__solve,benchmarks,FAILED,https://github.com/Beneficial-AI-Foundation/vericoding/blob/update-vericoder/benchmarks/dafny/humaneval/yaml/benchmarks/dafny/humaneval/yaml/161-solve__solve.yaml,https://github.com/Beneficial-AI-Foundation/vericoding/blob/update-vericoder/benchmarks/dafny/humaneval/code_from_spec_on_29-08_09h24/dafny/161-solve__solve_impl.dfy
benchmarks/dafny/humaneval/yaml/005-intersperse,benchmarks,FAILED,https://github.com/Beneficial-AI-Foundation/vericoding/blob/update-vericoder/benchmarks/dafny/humaneval/yaml/benchmarks/dafny/humaneval/yaml/005-intersperse.yaml,https://github.com/Beneficial-AI-Foundation/vericoding/blob/update-vericoder/benchmarks/dafny/humaneval/code_from_spec_on_29-08_09h24/dafny/005-intersperse_impl.dfy
benchmarks/dafny/humaneval/yaml/127-intersection,benchmarks,FAILED,https://github.com/Beneficial-AI-Foundation/vericoding/blob/update-vericoder/benchmarks/dafny/humaneval/yaml/benchmarks/dafny/humaneval/yaml/127-intersection.yaml,https://github.com/Beneficial-AI-Foundation/vericoding/blob/update-vericoder/benchmarks/dafny/humaneval/code_from_spec_on_29-08_09h24/dafny/127-intersection_impl.dfy
benchmarks/dafny/humaneval/yaml/087-get_row__get_row,benchmarks,FAILED,https://github.com/Beneficial-AI-Foundation/vericoding/blob/update-vericoder/benchmarks/dafny/humaneval/yaml/benchmarks/dafny/humaneval/yaml/087-get_row__get_row.yaml,https://github.com/Beneficial-AI-Foundation/vericoding/blob/update-vericoder/benchmarks/dafny/humaneval/code_from_spec_on_29-08_09h24/dafny/087-get_row__get_row_impl.dfy
benchmarks/dafny/humaneval/yaml/009-rolling_max,benchmarks,FAILED,https://github.com/Beneficial-AI-Foundation/vericoding/blob/update-vericoder/benchmarks/dafny/humaneval/yaml/benchmarks/dafny/humaneval/yaml/009-rolling_max.yaml,https://github.com/Beneficial-AI-Foundation/vericoding/blob/update-vericoder/benchmarks/dafny/humaneval/code_from_spec_on_29-08_09h24/dafny/009-rolling_max_impl.dfy
benchmarks/dafny/humaneval/yaml/026-remove_duplicates__count,benchmarks,FAILED,https://github.com/Beneficial-AI-Foundation/vericoding/blob/update-vericoder/benchmarks/dafny/humaneval/yaml/benchmarks/dafny/humaneval/yaml/026-remove_duplicates__count.yaml,https://github.com/Beneficial-AI-Foundation/vericoding/blob/update-vericoder/benchmarks/dafny/humaneval/code_from_spec_on_29-08_09h24/dafny/026-remove_duplicates__count_impl.dfy
benchmarks/dafny/humaneval/yaml/092-any_int,benchmarks,FAILED,https://github.com/Beneficial-AI-Foundation/vericoding/blob/update-vericoder/benchmarks/dafny/humaneval/yaml/benchmarks/dafny/humaneval/yaml/092-any_int.yaml,https://github.com/Beneficial-AI-Foundation/vericoding/blob/update-vericoder/benchmarks/dafny/humaneval/code_from_spec_on_29-08_09h24/dafny/092-any_int_impl.dfy
benchmarks/dafny/humaneval/yaml/004-mean_absolute_derivation,benchmarks,FAILED,https://github.com/Beneficial-AI-Foundation/vericoding/blob/update-vericoder/benchmarks/dafny/humaneval/yaml/benchmarks/dafny/humaneval/yaml/004-mean_absolute_derivation.yaml,https://github.com/Beneficial-AI-Foundation/vericoding/blob/update-vericoder/benchmarks/dafny/humaneval/code_from_spec_on_29-08_09h24/dafny/004-mean_absolute_derivation_impl.dfy
benchmarks/dafny/humaneval/yaml/109-move_one_ball,benchmarks,FAILED,https://github.com/Beneficial-AI-Foundation/vericoding/blob/update-vericoder/benchmarks/dafny/humaneval/yaml/benchmarks/dafny/humaneval/yaml/109-move_one_ball.yaml,https://github.com/Beneficial-AI-Foundation/vericoding/blob/update-vericoder/benchmarks/dafny/humaneval/code_from_spec_on_29-08_09h24/dafny/109-move_one_ball_impl.dfy
benchmarks/dafny/humaneval/yaml/149-sorted_list_sum__sort_lengths,benchmarks,FAILED,https://github.com/Beneficial-AI-Foundation/vericoding/blob/update-vericoder/benchmarks/dafny/humaneval/yaml/benchmarks/dafny/humaneval/yaml/149-sorted_list_sum__sort_lengths.yaml,https://github.com/Beneficial-AI-Foundation/vericoding/blob/update-vericoder/benchmarks/dafny/humaneval/code_from_spec_on_29-08_09h24/dafny/149-sorted_list_sum__sort_lengths_impl.dfy
benchmarks/dafny/humaneval/yaml/062-derivative,benchmarks,FAILED,https://github.com/Beneficial-AI-Foundation/vericoding/blob/update-vericoder/benchmarks/dafny/humaneval/yaml/benchmarks/dafny/humaneval/yaml/062-derivative.yaml,https://github.com/Beneficial-AI-Foundation/vericoding/blob/update-vericoder/benchmarks/dafny/humaneval/code_from_spec_on_29-08_09h24/dafny/062-derivative_impl.dfy
benchmarks/dafny/humaneval/yaml/074-total_match__TotalMatch,benchmarks,FAILED,https://github.com/Beneficial-AI-Foundation/vericoding/blob/update-vericoder/benchmarks/dafny/humaneval/yaml/benchmarks/dafny/humaneval/yaml/074-total_match__TotalMatch.yaml,https://github.com/Beneficial-AI-Foundation/vericoding/blob/update-vericoder/benchmarks/dafny/humaneval/code_from_spec_on_29-08_09h24/dafny/074-total_match__TotalMatch_impl.dfy
benchmarks/dafny/humaneval/yaml/158-find_max,benchmarks,FAILED,https://github.com/Beneficial-AI-Foundation/vericoding/blob/update-vericoder/benchmarks/dafny/humaneval/yaml/benchmarks/dafny/humaneval/yaml/158-find_max.yaml,https://github.com/Beneficial-AI-Foundation/vericoding/blob/update-vericoder/benchmarks/dafny/humaneval/code_from_spec_on_29-08_09h24/dafny/158-find_max_impl.dfy
benchmarks/dafny/humaneval/yaml/011-string_xor,benchmarks,FAILED,https://github.com/Beneficial-AI-Foundation/vericoding/blob/update-vericoder/benchmarks/dafny/humaneval/yaml/benchmarks/dafny/humaneval/yaml/011-string_xor.yaml,https://github.com/Beneficial-AI-Foundation/vericoding/blob/update-vericoder/benchmarks/dafny/humaneval/code_from_spec_on_29-08_09h24/dafny/011-string_xor_impl.dfy
benchmarks/dafny/humaneval/yaml/080-is_happy,benchmarks,FAILED,https://github.com/Beneficial-AI-Foundation/vericoding/blob/update-vericoder/benchmarks/dafny/humaneval/yaml/benchmarks/dafny/humaneval/yaml/080-is_happy.yaml,https://github.com/Beneficial-AI-Foundation/vericoding/blob/update-vericoder/benchmarks/dafny/humaneval/code_from_spec_on_29-08_09h24/dafny/080-is_happy_impl.dfy
benchmarks/dafny/humaneval/yaml/089-encrypt,benchmarks,FAILED,https://github.com/Beneficial-AI-Foundation/vericoding/blob/update-vericoder/benchmarks/dafny/humaneval/yaml/benchmarks/dafny/humaneval/yaml/089-encrypt.yaml,https://github.com/Beneficial-AI-Foundation/vericoding/blob/update-vericoder/benchmarks/dafny/humaneval/code_from_spec_on_29-08_09h24/dafny/089-encrypt_impl.dfy
benchmarks/dafny/humaneval/yaml/155_even_odd_count,benchmarks,FAILED,https://github.com/Beneficial-AI-Foundation/vericoding/blob/update-vericoder/benchmarks/dafny/humaneval/yaml/benchmarks/dafny/humaneval/yaml/155_even_odd_count.yaml,https://github.com/Beneficial-AI-Foundation/vericoding/blob/update-vericoder/benchmarks/dafny/humaneval/code_from_spec_on_29-08_09h24/dafny/155_even_odd_count_impl.dfy
benchmarks/dafny/humaneval/yaml/153-Strongest_Extension,benchmarks,FAILED,https://github.com/Beneficial-AI-Foundation/vericoding/blob/update-vericoder/benchmarks/dafny/humaneval/yaml/benchmarks/dafny/humaneval/yaml/153-Strongest_Extension.yaml,https://github.com/Beneficial-AI-Foundation/vericoding/blob/update-vericoder/benchmarks/dafny/humaneval/code_from_spec_on_29-08_09h24/dafny/153-Strongest_Extension_impl.dfy
benchmarks/dafny/humaneval/yaml/007-filter_by_substring__checkSubstring,benchmarks,FAILED,https://github.com/Beneficial-AI-Foundation/vericoding/blob/update-vericoder/benchmarks/dafny/humaneval/yaml/benchmarks/dafny/humaneval/yaml/007-filter_by_substring__checkSubstring.yaml,https://github.com/Beneficial-AI-Foundation/vericoding/blob/update-vericoder/benchmarks/dafny/humaneval/code_from_spec_on_29-08_09h24/dafny/007-filter_by_substring__checkSubstring_impl.dfy
benchmarks/dafny/humaneval/yaml/087-get_row__SortSeq,benchmarks,FAILED,https://github.com/Beneficial-AI-Foundation/vericoding/blob/update-vericoder/benchmarks/dafny/humaneval/yaml/benchmarks/dafny/humaneval/yaml/087-get_row__SortSeq.yaml,https://github.com/Beneficial-AI-Foundation/vericoding/blob/update-vericoder/benchmarks/dafny/humaneval/code_from_spec_on_29-08_09h24/dafny/087-get_row__SortSeq_impl.dfy
benchmarks/dafny/humaneval/yaml/060-sum_to_n,benchmarks,FAILED,https://github.com/Beneficial-AI-Foundation/vericoding/blob/update-vericoder/benchmarks/dafny/humaneval/yaml/benchmarks/dafny/humaneval/yaml/060-sum_to_n.yaml,https://github.com/Beneficial-AI-Foundation/vericoding/blob/update-vericoder/benchmarks/dafny/humaneval/code_from_spec_on_29-08_09h24/dafny/060-sum_to_n_impl.dfy
benchmarks/dafny/humaneval/yaml/111-histogram,benchmarks,FAILED,https://github.com/Beneficial-AI-Foundation/vericoding/blob/update-vericoder/benchmarks/dafny/humaneval/yaml/benchmarks/dafny/humaneval/yaml/111-histogram.yaml,https://github.com/Beneficial-AI-Foundation/vericoding/blob/update-vericoder/benchmarks/dafny/humaneval/code_from_spec_on_29-08_09h24/dafny/111-histogram_impl.dfy
benchmarks/dafny/humaneval/yaml/034-unique__SortSeq,benchmarks,FAILED,https://github.com/Beneficial-AI-Foundation/vericoding/blob/update-vericoder/benchmarks/dafny/humaneval/yaml/benchmarks/dafny/humaneval/yaml/034-unique__SortSeq.yaml,https://github.com/Beneficial-AI-Foundation/vericoding/blob/update-vericoder/benchmarks/dafny/humaneval/code_from_spec_on_29-08_09h24/dafny/034-unique__SortSeq_impl.dfy
benchmarks/dafny/humaneval/yaml/007-filter_by_substring__filter_by_substring,benchmarks,FAILED,https://github.com/Beneficial-AI-Foundation/vericoding/blob/update-vericoder/benchmarks/dafny/humaneval/yaml/benchmarks/dafny/humaneval/yaml/007-filter_by_substring__filter_by_substring.yaml,https://github.com/Beneficial-AI-Foundation/vericoding/blob/update-vericoder/benchmarks/dafny/humaneval/code_from_spec_on_29-08_09h24/dafny/007-filter_by_substring__filter_by_substring_impl.dfy
benchmarks/dafny/humaneval/yaml/072-will_it_fly,benchmarks,FAILED,https://github.com/Beneficial-AI-Foundation/vericoding/blob/update-vericoder/benchmarks/dafny/humaneval/yaml/benchmarks/dafny/humaneval/yaml/072-will_it_fly.yaml,https://github.com/Beneficial-AI-Foundation/vericoding/blob/update-vericoder/benchmarks/dafny/humaneval/code_from_spec_on_29-08_09h24/dafny/072-will_it_fly_impl.dfy
benchmarks/dafny/humaneval/yaml/070-strange_sort_list__SortSeq,benchmarks,FAILED,https://github.com/Beneficial-AI-Foundation/vericoding/blob/update-vericoder/benchmarks/dafny/humaneval/yaml/benchmarks/dafny/humaneval/yaml/070-strange_sort_list__SortSeq.yaml,https://github.com/Beneficial-AI-Foundation/vericoding/blob/update-vericoder/benchmarks/dafny/humaneval/code_from_spec_on_29-08_09h24/dafny/070-strange_sort_list__SortSeq_impl.dfy
benchmarks/dafny/humaneval/yaml/132-is_nested,benchmarks,FAILED,https://github.com/Beneficial-AI-Foundation/vericoding/blob/update-vericoder/benchmarks/dafny/humaneval/yaml/benchmarks/dafny/humaneval/yaml/132-is_nested.yaml,https://github.com/Beneficial-AI-Foundation/vericoding/blob/update-vericoder/benchmarks/dafny/humaneval/code_from_spec_on_29-08_09h24/dafny/132-is_nested_impl.dfy
benchmarks/dafny/humaneval/yaml/026-remove_duplicates__remove_duplicates,benchmarks,FAILED,https://github.com/Beneficial-AI-Foundation/vericoding/blob/update-vericoder/benchmarks/dafny/humaneval/yaml/benchmarks/dafny/humaneval/yaml/026-remove_duplicates__remove_duplicates.yaml,https://github.com/Beneficial-AI-Foundation/vericoding/blob/update-vericoder/benchmarks/dafny/humaneval/code_from_spec_on_29-08_09h24/dafny/026-remove_duplicates__remove_duplicates_impl.dfy
benchmarks/dafny/humaneval/yaml/106-f,benchmarks,FAILED,https://github.com/Beneficial-AI-Foundation/vericoding/blob/update-vericoder/benchmarks/dafny/humaneval/yaml/benchmarks/dafny/humaneval/yaml/106-f.yaml,https://github.com/Beneficial-AI-Foundation/vericoding/blob/update-vericoder/benchmarks/dafny/humaneval/code_from_spec_on_29-08_09h24/dafny/106-f_impl.dfy
benchmarks/dafny/humaneval/yaml/130-tri,benchmarks,FAILED,https://github.com/Beneficial-AI-Foundation/vericoding/blob/update-vericoder/benchmarks/dafny/humaneval/yaml/benchmarks/dafny/humaneval/yaml/130-tri.yaml,https://github.com/Beneficial-AI-Foundation/vericoding/blob/update-vericoder/benchmarks/dafny/humaneval/code_from_spec_on_29-08_09h24/dafny/130-tri_impl.dfy
benchmarks/dafny/humaneval/yaml/134-check_if_last_char_is_a_letter,benchmarks,FAILED,https://github.com/Beneficial-AI-Foundation/vericoding/blob/update-vericoder/benchmarks/dafny/humaneval/yaml/benchmarks/dafny/humaneval/yaml/134-check_if_last_char_is_a_letter.yaml,https://github.com/Beneficial-AI-Foundation/vericoding/blob/update-vericoder/benchmarks/dafny/humaneval/code_from_spec_on_29-08_09h24/dafny/134-check_if_last_char_is_a_letter_impl.dfy
benchmarks/dafny/humaneval/yaml/128-prod_signs,benchmarks,FAILED,https://github.com/Beneficial-AI-Foundation/vericoding/blob/update-vericoder/benchmarks/dafny/humaneval/yaml/benchmarks/dafny/humaneval/yaml/128-prod_signs.yaml,https://github.com/Beneficial-AI-Foundation/vericoding/blob/update-vericoder/benchmarks/dafny/humaneval/code_from_spec_on_29-08_09h24/dafny/128-prod_signs_impl.dfy
benchmarks/dafny/humaneval/yaml/000-has_close_elements,benchmarks,FAILED,https://github.com/Beneficial-AI-Foundation/vericoding/blob/update-vericoder/benchmarks/dafny/humaneval/yaml/benchmarks/dafny/humaneval/yaml/000-has_close_elements.yaml,https://github.com/Beneficial-AI-Foundation/vericoding/blob/update-vericoder/benchmarks/dafny/humaneval/code_from_spec_on_29-08_09h24/dafny/000-has_close_elements_impl.dfy
benchmarks/dafny/humaneval/yaml/076-is_simple_power,benchmarks,FAILED,https://github.com/Beneficial-AI-Foundation/vericoding/blob/update-vericoder/benchmarks/dafny/humaneval/yaml/benchmarks/dafny/humaneval/yaml/076-is_simple_power.yaml,https://github.com/Beneficial-AI-Foundation/vericoding/blob/update-vericoder/benchmarks/dafny/humaneval/code_from_spec_on_29-08_09h24/dafny/076-is_simple_power_impl.dfy
benchmarks/dafny/humaneval/yaml/041-car_race_collision,benchmarks,FAILED,https://github.com/Beneficial-AI-Foundation/vericoding/blob/update-vericoder/benchmarks/dafny/humaneval/yaml/benchmarks/dafny/humaneval/yaml/041-car_race_collision.yaml,https://github.com/Beneficial-AI-Foundation/vericoding/blob/update-vericoder/benchmarks/dafny/humaneval/code_from_spec_on_29-08_09h24/dafny/041-car_race_collision_impl.dfy
benchmarks/dafny/humaneval/yaml/010-is_palindrome__make_palindrome,benchmarks,FAILED,https://github.com/Beneficial-AI-Foundation/vericoding/blob/update-vericoder/benchmarks/dafny/humaneval/yaml/benchmarks/dafny/humaneval/yaml/010-is_palindrome__make_palindrome.yaml,https://github.com/Beneficial-AI-Foundation/vericoding/blob/update-vericoder/benchmarks/dafny/humaneval/code_from_spec_on_29-08_09h24/dafny/010-is_palindrome__make_palindrome_impl.dfy
benchmarks/dafny/humaneval/yaml/159-eat,benchmarks,FAILED,https://github.com/Beneficial-AI-Foundation/vericoding/blob/update-vericoder/benchmarks/dafny/humaneval/yaml/benchmarks/dafny/humaneval/yaml/159-eat.yaml,https://github.com/Beneficial-AI-Foundation/vericoding/blob/update-vericoder/benchmarks/dafny/humaneval/code_from_spec_on_29-08_09h24/dafny/159-eat_impl.dfy
benchmarks/dafny/humaneval/yaml/098-count_upper,benchmarks,FAILED,https://github.com/Beneficial-AI-Foundation/vericoding/blob/update-vericoder/benchmarks/dafny/humaneval/yaml/benchmarks/dafny/humaneval/yaml/098-count_upper.yaml,https://github.com/Beneficial-AI-Foundation/vericoding/blob/update-vericoder/benchmarks/dafny/humaneval/code_from_spec_on_29-08_09h24/dafny/098-count_upper_impl.dfy
benchmarks/dafny/humaneval/yaml/112-reverse_delete__reverse_delete,benchmarks,FAILED,https://github.com/Beneficial-AI-Foundation/vericoding/blob/update-vericoder/benchmarks/dafny/humaneval/yaml/benchmarks/dafny/humaneval/yaml/112-reverse_delete__reverse_delete.yaml,https://github.com/Beneficial-AI-Foundation/vericoding/blob/update-vericoder/benchmarks/dafny/humaneval/code_from_spec_on_29-08_09h24/dafny/112-reverse_delete__reverse_delete_impl.dfy
benchmarks/dafny/humaneval/yaml/077-iscube__cube_root,benchmarks,FAILED,https://github.com/Beneficial-AI-Foundation/vericoding/blob/update-vericoder/benchmarks/dafny/humaneval/yaml/benchmarks/dafny/humaneval/yaml/077-iscube__cube_root.yaml,https://github.com/Beneficial-AI-Foundation/vericoding/blob/update-vericoder/benchmarks/dafny/humaneval/code_from_spec_on_29-08_09h24/dafny/077-iscube__cube_root_impl.dfy
benchmarks/dafny/humaneval/yaml/053-add,benchmarks,FAILED,https://github.com/Beneficial-AI-Foundation/vericoding/blob/update-vericoder/benchmarks/dafny/humaneval/yaml/benchmarks/dafny/humaneval/yaml/053-add.yaml,https://github.com/Beneficial-AI-Foundation/vericoding/blob/update-vericoder/benchmarks/dafny/humaneval/code_from_spec_on_29-08_09h24/dafny/053-add_impl.dfy
benchmarks/dafny/humaneval/yaml/006-parse_nested_parens__parse_paren_group,benchmarks,FAILED,https://github.com/Beneficial-AI-Foundation/vericoding/blob/update-vericoder/benchmarks/dafny/humaneval/yaml/benchmarks/dafny/humaneval/yaml/006-parse_nested_parens__parse_paren_group.yaml,https://github.com/Beneficial-AI-Foundation/vericoding/blob/update-vericoder/benchmarks/dafny/humaneval/code_from_spec_on_29-08_09h24/dafny/006-parse_nested_parens__parse_paren_group_impl.dfy
benchmarks/dafny/humaneval/yaml/042-incr-list,benchmarks,FAILED,https://github.com/Beneficial-AI-Foundation/vericoding/blob/update-vericoder/benchmarks/dafny/humaneval/yaml/benchmarks/dafny/humaneval/yaml/042-incr-list.yaml,https://github.com/Beneficial-AI-Foundation/vericoding/blob/update-vericoder/benchmarks/dafny/humaneval/code_from_spec_on_29-08_09h24/dafny/042-incr-list_impl.dfy
benchmarks/dafny/humaneval/yaml/030-get-positive,benchmarks,FAILED,https://github.com/Beneficial-AI-Foundation/vericoding/blob/update-vericoder/benchmarks/dafny/humaneval/yaml/benchmarks/dafny/humaneval/yaml/030-get-positive.yaml,https://github.com/Beneficial-AI-Foundation/vericoding/blob/update-vericoder/benchmarks/dafny/humaneval/code_from_spec_on_29-08_09h24/dafny/030-get-positive_impl.dfy
benchmarks/dafny/humaneval/yaml/081-numerical_letter_grade,benchmarks,FAILED,https://github.com/Beneficial-AI-Foundation/vericoding/blob/update-vericoder/benchmarks/dafny/humaneval/yaml/benchmarks/dafny/humaneval/yaml/081-numerical_letter_grade.yaml,https://github.com/Beneficial-AI-Foundation/vericoding/blob/update-vericoder/benchmarks/dafny/humaneval/code_from_spec_on_29-08_09h24/dafny/081-numerical_letter_grade_impl.dfy
benchmarks/dafny/humaneval/yaml/036-fizz_buzz__count7,benchmarks,FAILED,https://github.com/Beneficial-AI-Foundation/vericoding/blob/update-vericoder/benchmarks/dafny/humaneval/yaml/benchmarks/dafny/humaneval/yaml/036-fizz_buzz__count7.yaml,https://github.com/Beneficial-AI-Foundation/vericoding/blob/update-vericoder/benchmarks/dafny/humaneval/code_from_spec_on_29-08_09h24/dafny/036-fizz_buzz__count7_impl.dfy
benchmarks/dafny/humaneval/yaml/120-maximum__maximum,benchmarks,FAILED,https://github.com/Beneficial-AI-Foundation/vericoding/blob/update-vericoder/benchmarks/dafny/humaneval/yaml/benchmarks/dafny/humaneval/yaml/120-maximum__maximum.yaml,https://github.com/Beneficial-AI-Foundation/vericoding/blob/update-vericoder/benchmarks/dafny/humaneval/code_from_spec_on_29-08_09h24/dafny/120-maximum__maximum_impl.dfy
benchmarks/dafny/humaneval/yaml/085-add,benchmarks,FAILED,https://github.com/Beneficial-AI-Foundation/vericoding/blob/update-vericoder/benchmarks/dafny/humaneval/yaml/benchmarks/dafny/humaneval/yaml/085-add.yaml,https://github.com/Beneficial-AI-Foundation/vericoding/blob/update-vericoder/benchmarks/dafny/humaneval/code_from_spec_on_29-08_09h24/dafny/085-add_impl.dfy
benchmarks/dafny/humaneval/yaml/038-encode_cyclic__encode_cyclic,benchmarks,FAILED,https://github.com/Beneficial-AI-Foundation/vericoding/blob/update-vericoder/benchmarks/dafny/humaneval/yaml/benchmarks/dafny/humaneval/yaml/038-encode_cyclic__encode_cyclic.yaml,https://github.com/Beneficial-AI-Foundation/vericoding/blob/update-vericoder/benchmarks/dafny/humaneval/code_from_spec_on_29-08_09h24/dafny/038-encode_cyclic__encode_cyclic_impl.dfy
benchmarks/dafny/humaneval/yaml/082-prime_length,benchmarks,FAILED,https://github.com/Beneficial-AI-Foundation/vericoding/blob/update-vericoder/benchmarks/dafny/humaneval/yaml/benchmarks/dafny/humaneval/yaml/082-prime_length.yaml,https://github.com/Beneficial-AI-Foundation/vericoding/blob/update-vericoder/benchmarks/dafny/humaneval/code_from_spec_on_29-08_09h24/dafny/082-prime_length_impl.dfy
benchmarks/dafny/humaneval/yaml/029-filter_by_prefix,benchmarks,FAILED,https://github.com/Beneficial-AI-Foundation/vericoding/blob/update-vericoder/benchmarks/dafny/humaneval/yaml/benchmarks/dafny/humaneval/yaml/029-filter_by_prefix.yaml,https://github.com/Beneficial-AI-Foundation/vericoding/blob/update-vericoder/benchmarks/dafny/humaneval/code_from_spec_on_29-08_09h24/dafny/029-filter_by_prefix_impl.dfy
benchmarks/dafny/humaneval/yaml/079-decimal_to_binary,benchmarks,FAILED,https://github.com/Beneficial-AI-Foundation/vericoding/blob/update-vericoder/benchmarks/dafny/humaneval/yaml/benchmarks/dafny/humaneval/yaml/079-decimal_to_binary.yaml,https://github.com/Beneficial-AI-Foundation/vericoding/blob/update-vericoder/benchmarks/dafny/humaneval/code_from_spec_on_29-08_09h24/dafny/079-decimal_to_binary_impl.dfy
benchmarks/dafny/humaneval/yaml/122-add_elements__SumElementsWithAtMostTwoDigits,benchmarks,FAILED,https://github.com/Beneficial-AI-Foundation/vericoding/blob/update-vericoder/benchmarks/dafny/humaneval/yaml/benchmarks/dafny/humaneval/yaml/122-add_elements__SumElementsWithAtMostTwoDigits.yaml,https://github.com/Beneficial-AI-Foundation/vericoding/blob/update-vericoder/benchmarks/dafny/humaneval/code_from_spec_on_29-08_09h24/dafny/122-add_elements__SumElementsWithAtMostTwoDigits_impl.dfy
benchmarks/dafny/humaneval/yaml/070-strange_sort_list__strange_sort_list,benchmarks,FAILED,https://github.com/Beneficial-AI-Foundation/vericoding/blob/update-vericoder/benchmarks/dafny/humaneval/yaml/benchmarks/dafny/humaneval/yaml/070-strange_sort_list__strange_sort_list.yaml,https://github.com/Beneficial-AI-Foundation/vericoding/blob/update-vericoder/benchmarks/dafny/humaneval/code_from_spec_on_29-08_09h24/dafny/070-strange_sort_list__strange_sort_list_impl.dfy
benchmarks/dafny/humaneval/yaml/003-below_zero,benchmarks,FAILED,https://github.com/Beneficial-AI-Foundation/vericoding/blob/update-vericoder/benchmarks/dafny/humaneval/yaml/benchmarks/dafny/humaneval/yaml/003-below_zero.yaml,https://github.com/Beneficial-AI-Foundation/vericoding/blob/update-vericoder/benchmarks/dafny/humaneval/code_from_spec_on_29-08_09h24/dafny/003-below_zero_impl.dfy
benchmarks/dafny/humaneval/yaml/163-generate_integers__min,benchmarks,FAILED,https://github.com/Beneficial-AI-Foundation/vericoding/blob/update-vericoder/benchmarks/dafny/humaneval/yaml/benchmarks/dafny/humaneval/yaml/163-generate_integers__min.yaml,https://github.com/Beneficial-AI-Foundation/vericoding/blob/update-vericoder/benchmarks/dafny/humaneval/code_from_spec_on_29-08_09h24/dafny/163-generate_integers__min_impl.dfy
benchmarks/dafny/humaneval/yaml/070-strange_sort_list__strange_sort_list_helper,benchmarks,FAILED,https://github.com/Beneficial-AI-Foundation/vericoding/blob/update-vericoder/benchmarks/dafny/humaneval/yaml/benchmarks/dafny/humaneval/yaml/070-strange_sort_list__strange_sort_list_helper.yaml,https://github.com/Beneficial-AI-Foundation/vericoding/blob/update-vericoder/benchmarks/dafny/humaneval/code_from_spec_on_29-08_09h24/dafny/070-strange_sort_list__strange_sort_list_helper_impl.dfy
benchmarks/dafny/humaneval/yaml/145-order_by_points,benchmarks,FAILED,https://github.com/Beneficial-AI-Foundation/vericoding/blob/update-vericoder/benchmarks/dafny/humaneval/yaml/benchmarks/dafny/humaneval/yaml/145-order_by_points.yaml,https://github.com/Beneficial-AI-Foundation/vericoding/blob/update-vericoder/benchmarks/dafny/humaneval/code_from_spec_on_29-08_09h24/dafny/145-order_by_points_impl.dfy
benchmarks/dafny/humaneval/yaml/112-reverse_delete__check_palindrome,benchmarks,FAILED,https://github.com/Beneficial-AI-Foundation/vericoding/blob/update-vericoder/benchmarks/dafny/humaneval/yaml/benchmarks/dafny/humaneval/yaml/112-reverse_delete__check_palindrome.yaml,https://github.com/Beneficial-AI-Foundation/vericoding/blob/update-vericoder/benchmarks/dafny/humaneval/code_from_spec_on_29-08_09h24/dafny/112-reverse_delete__check_palindrome_impl.dfy
benchmarks/dafny/humaneval/yaml/105-by_length__reverse,benchmarks,FAILED,https://github.com/Beneficial-AI-Foundation/vericoding/blob/update-vericoder/benchmarks/dafny/humaneval/yaml/benchmarks/dafny/humaneval/yaml/105-by_length__reverse.yaml,https://github.com/Beneficial-AI-Foundation/vericoding/blob/update-vericoder/benchmarks/dafny/humaneval/code_from_spec_on_29-08_09h24/dafny/105-by_length__reverse_impl.dfy
benchmarks/dafny/humaneval/yaml/031-is-prime,benchmarks,FAILED,https://github.com/Beneficial-AI-Foundation/vericoding/blob/update-vericoder/benchmarks/dafny/humaneval/yaml/benchmarks/dafny/humaneval/yaml/031-is-prime.yaml,https://github.com/Beneficial-AI-Foundation/vericoding/blob/update-vericoder/benchmarks/dafny/humaneval/code_from_spec_on_29-08_09h24/dafny/031-is-prime_impl.dfy
benchmarks/dafny/humaneval/yaml/093-encode,benchmarks,FAILED,https://github.com/Beneficial-AI-Foundation/vericoding/blob/update-vericoder/benchmarks/dafny/humaneval/yaml/benchmarks/dafny/humaneval/yaml/093-encode.yaml,https://github.com/Beneficial-AI-Foundation/vericoding/blob/update-vericoder/benchmarks/dafny/humaneval/code_from_spec_on_29-08_09h24/dafny/093-encode_impl.dfy
benchmarks/dafny/humaneval/yaml/013-greatest_common_divisor,benchmarks,FAILED,https://github.com/Beneficial-AI-Foundation/vericoding/blob/update-vericoder/benchmarks/dafny/humaneval/yaml/benchmarks/dafny/humaneval/yaml/013-greatest_common_divisor.yaml,https://github.com/Beneficial-AI-Foundation/vericoding/blob/update-vericoder/benchmarks/dafny/humaneval/code_from_spec_on_29-08_09h24/dafny/013-greatest_common_divisor_impl.dfy
benchmarks/dafny/humaneval/yaml/002-truncate,benchmarks,FAILED,https://github.com/Beneficial-AI-Foundation/vericoding/blob/update-vericoder/benchmarks/dafny/humaneval/yaml/benchmarks/dafny/humaneval/yaml/002-truncate.yaml,https://github.com/Beneficial-AI-Foundation/vericoding/blob/update-vericoder/benchmarks/dafny/humaneval/code_from_spec_on_29-08_09h24/dafny/002-truncate_impl.dfy
benchmarks/dafny/humaneval/yaml/149-sorted_list_sum__sorted_list_sum,benchmarks,FAILED,https://github.com/Beneficial-AI-Foundation/vericoding/blob/update-vericoder/benchmarks/dafny/humaneval/yaml/benchmarks/dafny/humaneval/yaml/149-sorted_list_sum__sorted_list_sum.yaml,https://github.com/Beneficial-AI-Foundation/vericoding/blob/update-vericoder/benchmarks/dafny/humaneval/code_from_spec_on_29-08_09h24/dafny/149-sorted_list_sum__sorted_list_sum_impl.dfy
benchmarks/dafny/humaneval/yaml/149-sorted_list_sum__sort_strings,benchmarks,FAILED,https://github.com/Beneficial-AI-Foundation/vericoding/blob/update-vericoder/benchmarks/dafny/humaneval/yaml/benchmarks/dafny/humaneval/yaml/149-sorted_list_sum__sort_strings.yaml,https://github.com/Beneficial-AI-Foundation/vericoding/blob/update-vericoder/benchmarks/dafny/humaneval/code_from_spec_on_29-08_09h24/dafny/149-sorted_list_sum__sort_strings_impl.dfy
benchmarks/dafny/humaneval/yaml/084-solve,benchmarks,FAILED,https://github.com/Beneficial-AI-Foundation/vericoding/blob/update-vericoder/benchmarks/dafny/humaneval/yaml/benchmarks/dafny/humaneval/yaml/084-solve.yaml,https://github.com/Beneficial-AI-Foundation/vericoding/blob/update-vericoder/benchmarks/dafny/humaneval/code_from_spec_on_29-08_09h24/dafny/084-solve_impl.dfy
benchmarks/dafny/humaneval/yaml/024-largest-divisor,benchmarks,FAILED,https://github.com/Beneficial-AI-Foundation/vericoding/blob/update-vericoder/benchmarks/dafny/humaneval/yaml/benchmarks/dafny/humaneval/yaml/024-largest-divisor.yaml,https://github.com/Beneficial-AI-Foundation/vericoding/blob/update-vericoder/benchmarks/dafny/humaneval/code_from_spec_on_29-08_09h24/dafny/024-largest-divisor_impl.dfy
benchmarks/dafny/humaneval/yaml/150-x_or_y,benchmarks,FAILED,https://github.com/Beneficial-AI-Foundation/vericoding/blob/update-vericoder/benchmarks/dafny/humaneval/yaml/benchmarks/dafny/humaneval/yaml/150-x_or_y.yaml,https://github.com/Beneficial-AI-Foundation/vericoding/blob/update-vericoder/benchmarks/dafny/humaneval/code_from_spec_on_29-08_09h24/dafny/150-x_or_y_impl.dfy
benchmarks/dafny/humaneval/yaml/049-modp,benchmarks,FAILED,https://github.com/Beneficial-AI-Foundation/vericoding/blob/update-vericoder/benchmarks/dafny/humaneval/yaml/benchmarks/dafny/humaneval/yaml/049-modp.yaml,https://github.com/Beneficial-AI-Foundation/vericoding/blob/update-vericoder/benchmarks/dafny/humaneval/code_from_spec_on_29-08_09h24/dafny/049-modp_impl.dfy
benchmarks/dafny/humaneval/yaml/148-bf,benchmarks,FAILED,https://github.com/Beneficial-AI-Foundation/vericoding/blob/update-vericoder/benchmarks/dafny/humaneval/yaml/benchmarks/dafny/humaneval/yaml/148-bf.yaml,https://github.com/Beneficial-AI-Foundation/vericoding/blob/update-vericoder/benchmarks/dafny/humaneval/code_from_spec_on_29-08_09h24/dafny/148-bf_impl.dfy
benchmarks/dafny/humaneval/yaml/055-fib,benchmarks,FAILED,https://github.com/Beneficial-AI-Foundation/vericoding/blob/update-vericoder/benchmarks/dafny/humaneval/yaml/benchmarks/dafny/humaneval/yaml/055-fib.yaml,https://github.com/Beneficial-AI-Foundation/vericoding/blob/update-vericoder/benchmarks/dafny/humaneval/code_from_spec_on_29-08_09h24/dafny/055-fib_impl.dfy
benchmarks/dafny/humaneval/yaml/126-is_sorted__count_sorted,benchmarks,FAILED,https://github.com/Beneficial-AI-Foundation/vericoding/blob/update-vericoder/benchmarks/dafny/humaneval/yaml/benchmarks/dafny/humaneval/yaml/126-is_sorted__count_sorted.yaml,https://github.com/Beneficial-AI-Foundation/vericoding/blob/update-vericoder/benchmarks/dafny/humaneval/code_from_spec_on_29-08_09h24/dafny/126-is_sorted__count_sorted_impl.dfy
benchmarks/dafny/humaneval/yaml/163-generate_integers__max,benchmarks,FAILED,https://github.com/Beneficial-AI-Foundation/vericoding/blob/update-vericoder/benchmarks/dafny/humaneval/yaml/benchmarks/dafny/humaneval/yaml/163-generate_integers__max.yaml,https://github.com/Beneficial-AI-Foundation/vericoding/blob/update-vericoder/benchmarks/dafny/humaneval/code_from_spec_on_29-08_09h24/dafny/163-generate_integers__max_impl.dfy
benchmarks/dafny/humaneval/yaml/088-sort_array__reverse,benchmarks,FAILED,https://github.com/Beneficial-AI-Foundation/vericoding/blob/update-vericoder/benchmarks/dafny/humaneval/yaml/benchmarks/dafny/humaneval/yaml/088-sort_array__reverse.yaml,https://github.com/Beneficial-AI-Foundation/vericoding/blob/update-vericoder/benchmarks/dafny/humaneval/code_from_spec_on_29-08_09h24/dafny/088-sort_array__reverse_impl.dfy
benchmarks/dafny/humaneval/yaml/023-strlen,benchmarks,FAILED,https://github.com/Beneficial-AI-Foundation/vericoding/blob/update-vericoder/benchmarks/dafny/humaneval/yaml/benchmarks/dafny/humaneval/yaml/023-strlen.yaml,https://github.com/Beneficial-AI-Foundation/vericoding/blob/update-vericoder/benchmarks/dafny/humaneval/code_from_spec_on_29-08_09h24/dafny/023-strlen_impl.dfy
benchmarks/dafny/humaneval/yaml/135_can_arrange,benchmarks,FAILED,https://github.com/Beneficial-AI-Foundation/vericoding/blob/update-vericoder/benchmarks/dafny/humaneval/yaml/benchmarks/dafny/humaneval/yaml/135_can_arrange.yaml,https://github.com/Beneficial-AI-Foundation/vericoding/blob/update-vericoder/benchmarks/dafny/humaneval/code_from_spec_on_29-08_09h24/dafny/135_can_arrange_impl.dfy
benchmarks/dafny/humaneval/yaml/063-fibfib,benchmarks,FAILED,https://github.com/Beneficial-AI-Foundation/vericoding/blob/update-vericoder/benchmarks/dafny/humaneval/yaml/benchmarks/dafny/humaneval/yaml/063-fibfib.yaml,https://github.com/Beneficial-AI-Foundation/vericoding/blob/update-vericoder/benchmarks/dafny/humaneval/code_from_spec_on_29-08_09h24/dafny/063-fibfib_impl.dfy
benchmarks/dafny/humaneval/yaml/064-vowels_count,benchmarks,FAILED,https://github.com/Beneficial-AI-Foundation/vericoding/blob/update-vericoder/benchmarks/dafny/humaneval/yaml/benchmarks/dafny/humaneval/yaml/064-vowels_count.yaml,https://github.com/Beneficial-AI-Foundation/vericoding/blob/update-vericoder/benchmarks/dafny/humaneval/code_from_spec_on_29-08_09h24/dafny/064-vowels_count_impl.dfy
benchmarks/dafny/humaneval/yaml/010-is_palindrome__reverse,benchmarks,FAILED,https://github.com/Beneficial-AI-Foundation/vericoding/blob/update-vericoder/benchmarks/dafny/humaneval/yaml/benchmarks/dafny/humaneval/yaml/010-is_palindrome__reverse.yaml,https://github.com/Beneficial-AI-Foundation/vericoding/blob/update-vericoder/benchmarks/dafny/humaneval/code_from_spec_on_29-08_09h24/dafny/010-is_palindrome__reverse_impl.dfy
benchmarks/dafny/humaneval/yaml/118-get_closest_vowel,benchmarks,FAILED,https://github.com/Beneficial-AI-Foundation/vericoding/blob/update-vericoder/benchmarks/dafny/humaneval/yaml/benchmarks/dafny/humaneval/yaml/118-get_closest_vowel.yaml,https://github.com/Beneficial-AI-Foundation/vericoding/blob/update-vericoder/benchmarks/dafny/humaneval/code_from_spec_on_29-08_09h24/dafny/118-get_closest_vowel_impl.dfy
benchmarks/dafny/humaneval/yaml/097-multiply,benchmarks,FAILED,https://github.com/Beneficial-AI-Foundation/vericoding/blob/update-vericoder/benchmarks/dafny/humaneval/yaml/benchmarks/dafny/humaneval/yaml/097-multiply.yaml,https://github.com/Beneficial-AI-Foundation/vericoding/blob/update-vericoder/benchmarks/dafny/humaneval/code_from_spec_on_29-08_09h24/dafny/097-multiply_impl.dfy
benchmarks/dafny/humaneval/yaml/037-sort_even__sorted_even,benchmarks,FAILED,https://github.com/Beneficial-AI-Foundation/vericoding/blob/update-vericoder/benchmarks/dafny/humaneval/yaml/benchmarks/dafny/humaneval/yaml/037-sort_even__sorted_even.yaml,https://github.com/Beneficial-AI-Foundation/vericoding/blob/update-vericoder/benchmarks/dafny/humaneval/code_from_spec_on_29-08_09h24/dafny/037-sort_even__sorted_even_impl.dfy
benchmarks/dafny/humaneval/yaml/126-is_sorted__is_sorted,benchmarks,FAILED,https://github.com/Beneficial-AI-Foundation/vericoding/blob/update-vericoder/benchmarks/dafny/humaneval/yaml/benchmarks/dafny/humaneval/yaml/126-is_sorted__is_sorted.yaml,https://github.com/Beneficial-AI-Foundation/vericoding/blob/update-vericoder/benchmarks/dafny/humaneval/code_from_spec_on_29-08_09h24/dafny/126-is_sorted__is_sorted_impl.dfy
benchmarks/dafny/humaneval/yaml/025-factorize,benchmarks,FAILED,https://github.com/Beneficial-AI-Foundation/vericoding/blob/update-vericoder/benchmarks/dafny/humaneval/yaml/benchmarks/dafny/humaneval/yaml/025-factorize.yaml,https://github.com/Beneficial-AI-Foundation/vericoding/blob/update-vericoder/benchmarks/dafny/humaneval/code_from_spec_on_29-08_09h24/dafny/025-factorize_impl.dfy
benchmarks/dafny/humaneval/yaml/107-even_odd_palindrome,benchmarks,FAILED,https://github.com/Beneficial-AI-Foundation/vericoding/blob/update-vericoder/benchmarks/dafny/humaneval/yaml/benchmarks/dafny/humaneval/yaml/107-even_odd_palindrome.yaml,https://github.com/Beneficial-AI-Foundation/vericoding/blob/update-vericoder/benchmarks/dafny/humaneval/code_from_spec_on_29-08_09h24/dafny/107-even_odd_palindrome_impl.dfy
benchmarks/dafny/humaneval/yaml/068-pluck,benchmarks,FAILED,https://github.com/Beneficial-AI-Foundation/vericoding/blob/update-vericoder/benchmarks/dafny/humaneval/yaml/benchmarks/dafny/humaneval/yaml/068-pluck.yaml,https://github.com/Beneficial-AI-Foundation/vericoding/blob/update-vericoder/benchmarks/dafny/humaneval/code_from_spec_on_29-08_09h24/dafny/068-pluck_impl.dfy
benchmarks/dafny/humaneval/yaml/033-sort_third__sort_third,benchmarks,FAILED,https://github.com/Beneficial-AI-Foundation/vericoding/blob/update-vericoder/benchmarks/dafny/humaneval/yaml/benchmarks/dafny/humaneval/yaml/033-sort_third__sort_third.yaml,https://github.com/Beneficial-AI-Foundation/vericoding/blob/update-vericoder/benchmarks/dafny/humaneval/code_from_spec_on_29-08_09h24/dafny/033-sort_third__sort_third_impl.dfy
benchmarks/dafny/humaneval/yaml/016-count_distinct_characters,benchmarks,FAILED,https://github.com/Beneficial-AI-Foundation/vericoding/blob/update-vericoder/benchmarks/dafny/humaneval/yaml/benchmarks/dafny/humaneval/yaml/016-count_distinct_characters.yaml,https://github.com/Beneficial-AI-Foundation/vericoding/blob/update-vericoder/benchmarks/dafny/humaneval/code_from_spec_on_29-08_09h24/dafny/016-count_distinct_characters_impl.dfy
benchmarks/dafny/humaneval/yaml/154-cycpattern_check,benchmarks,FAILED,https://github.com/Beneficial-AI-Foundation/vericoding/blob/update-vericoder/benchmarks/dafny/humaneval/yaml/benchmarks/dafny/humaneval/yaml/154-cycpattern_check.yaml,https://github.com/Beneficial-AI-Foundation/vericoding/blob/update-vericoder/benchmarks/dafny/humaneval/code_from_spec_on_29-08_09h24/dafny/154-cycpattern_check_impl.dfy
