filename,result,nr_iterations,spec_link,impl_link,debug_link
logspace.lean,failed,1,https://github.com/Beneficial-AI-Foundation/vericoding/blob/main/lean-vc/numpy_hoare_triple/array_creation/logspace.lean,https://github.com/Beneficial-AI-Foundation/vericoding/blob/main/lean-vc/numpy_hoare_triple/array_creation/code_from_spec_on_28-07_11h38_pid68475/logspace_impl.lean,https://github.com/Beneficial-AI-Foundation/vericoding/blob/main/lean-vc/numpy_hoare_triple/array_creation/code_from_spec_on_28-07_11h38_pid68475/debug/logspace
full.lean,failed,1,https://github.com/Beneficial-AI-Foundation/vericoding/blob/main/lean-vc/numpy_hoare_triple/array_creation/full.lean,https://github.com/Beneficial-AI-Foundation/vericoding/blob/main/lean-vc/numpy_hoare_triple/array_creation/code_from_spec_on_28-07_11h38_pid68475/full_impl.lean,https://github.com/Beneficial-AI-Foundation/vericoding/blob/main/lean-vc/numpy_hoare_triple/array_creation/code_from_spec_on_28-07_11h38_pid68475/debug/full
identity.lean,failed,1,https://github.com/Beneficial-AI-Foundation/vericoding/blob/main/lean-vc/numpy_hoare_triple/array_creation/identity.lean,https://github.com/Beneficial-AI-Foundation/vericoding/blob/main/lean-vc/numpy_hoare_triple/array_creation/code_from_spec_on_28-07_11h38_pid68475/identity_impl.lean,https://github.com/Beneficial-AI-Foundation/vericoding/blob/main/lean-vc/numpy_hoare_triple/array_creation/code_from_spec_on_28-07_11h38_pid68475/debug/identity
frombuffer.lean,failed,1,https://github.com/Beneficial-AI-Foundation/vericoding/blob/main/lean-vc/numpy_hoare_triple/array_creation/frombuffer.lean,https://github.com/Beneficial-AI-Foundation/vericoding/blob/main/lean-vc/numpy_hoare_triple/array_creation/code_from_spec_on_28-07_11h38_pid68475/frombuffer_impl.lean,https://github.com/Beneficial-AI-Foundation/vericoding/blob/main/lean-vc/numpy_hoare_triple/array_creation/code_from_spec_on_28-07_11h38_pid68475/debug/frombuffer
tri.lean,failed,1,https://github.com/Beneficial-AI-Foundation/vericoding/blob/main/lean-vc/numpy_hoare_triple/array_creation/tri.lean,https://github.com/Beneficial-AI-Foundation/vericoding/blob/main/lean-vc/numpy_hoare_triple/array_creation/code_from_spec_on_28-07_11h38_pid68475/tri_impl.lean,https://github.com/Beneficial-AI-Foundation/vericoding/blob/main/lean-vc/numpy_hoare_triple/array_creation/code_from_spec_on_28-07_11h38_pid68475/debug/tri
ones_like.lean,failed,1,https://github.com/Beneficial-AI-Foundation/vericoding/blob/main/lean-vc/numpy_hoare_triple/array_creation/ones_like.lean,https://github.com/Beneficial-AI-Foundation/vericoding/blob/main/lean-vc/numpy_hoare_triple/array_creation/code_from_spec_on_28-07_11h38_pid68475/ones_like_impl.lean,https://github.com/Beneficial-AI-Foundation/vericoding/blob/main/lean-vc/numpy_hoare_triple/array_creation/code_from_spec_on_28-07_11h38_pid68475/debug/ones_like
triu.lean,failed,1,https://github.com/Beneficial-AI-Foundation/vericoding/blob/main/lean-vc/numpy_hoare_triple/array_creation/triu.lean,https://github.com/Beneficial-AI-Foundation/vericoding/blob/main/lean-vc/numpy_hoare_triple/array_creation/code_from_spec_on_28-07_11h38_pid68475/triu_impl.lean,https://github.com/Beneficial-AI-Foundation/vericoding/blob/main/lean-vc/numpy_hoare_triple/array_creation/code_from_spec_on_28-07_11h38_pid68475/debug/triu
asarray.lean,failed,1,https://github.com/Beneficial-AI-Foundation/vericoding/blob/main/lean-vc/numpy_hoare_triple/array_creation/asarray.lean,https://github.com/Beneficial-AI-Foundation/vericoding/blob/main/lean-vc/numpy_hoare_triple/array_creation/code_from_spec_on_28-07_11h38_pid68475/asarray_impl.lean,https://github.com/Beneficial-AI-Foundation/vericoding/blob/main/lean-vc/numpy_hoare_triple/array_creation/code_from_spec_on_28-07_11h38_pid68475/debug/asarray
ascontiguousarray.lean,failed,1,https://github.com/Beneficial-AI-Foundation/vericoding/blob/main/lean-vc/numpy_hoare_triple/array_creation/ascontiguousarray.lean,https://github.com/Beneficial-AI-Foundation/vericoding/blob/main/lean-vc/numpy_hoare_triple/array_creation/code_from_spec_on_28-07_11h38_pid68475/ascontiguousarray_impl.lean,https://github.com/Beneficial-AI-Foundation/vericoding/blob/main/lean-vc/numpy_hoare_triple/array_creation/code_from_spec_on_28-07_11h38_pid68475/debug/ascontiguousarray
diagflat.lean,failed,1,https://github.com/Beneficial-AI-Foundation/vericoding/blob/main/lean-vc/numpy_hoare_triple/array_creation/diagflat.lean,https://github.com/Beneficial-AI-Foundation/vericoding/blob/main/lean-vc/numpy_hoare_triple/array_creation/code_from_spec_on_28-07_11h38_pid68475/diagflat_impl.lean,https://github.com/Beneficial-AI-Foundation/vericoding/blob/main/lean-vc/numpy_hoare_triple/array_creation/code_from_spec_on_28-07_11h38_pid68475/debug/diagflat
tril.lean,failed,1,https://github.com/Beneficial-AI-Foundation/vericoding/blob/main/lean-vc/numpy_hoare_triple/array_creation/tril.lean,https://github.com/Beneficial-AI-Foundation/vericoding/blob/main/lean-vc/numpy_hoare_triple/array_creation/code_from_spec_on_28-07_11h38_pid68475/tril_impl.lean,https://github.com/Beneficial-AI-Foundation/vericoding/blob/main/lean-vc/numpy_hoare_triple/array_creation/code_from_spec_on_28-07_11h38_pid68475/debug/tril
arange.lean,failed,1,https://github.com/Beneficial-AI-Foundation/vericoding/blob/main/lean-vc/numpy_hoare_triple/array_creation/arange.lean,https://github.com/Beneficial-AI-Foundation/vericoding/blob/main/lean-vc/numpy_hoare_triple/array_creation/code_from_spec_on_28-07_11h38_pid68475/arange_impl.lean,https://github.com/Beneficial-AI-Foundation/vericoding/blob/main/lean-vc/numpy_hoare_triple/array_creation/code_from_spec_on_28-07_11h38_pid68475/debug/arange
empty_like.lean,failed,1,https://github.com/Beneficial-AI-Foundation/vericoding/blob/main/lean-vc/numpy_hoare_triple/array_creation/empty_like.lean,https://github.com/Beneficial-AI-Foundation/vericoding/blob/main/lean-vc/numpy_hoare_triple/array_creation/code_from_spec_on_28-07_11h38_pid68475/empty_like_impl.lean,https://github.com/Beneficial-AI-Foundation/vericoding/blob/main/lean-vc/numpy_hoare_triple/array_creation/code_from_spec_on_28-07_11h38_pid68475/debug/empty_like
meshgrid.lean,failed,1,https://github.com/Beneficial-AI-Foundation/vericoding/blob/main/lean-vc/numpy_hoare_triple/array_creation/meshgrid.lean,https://github.com/Beneficial-AI-Foundation/vericoding/blob/main/lean-vc/numpy_hoare_triple/array_creation/code_from_spec_on_28-07_11h38_pid68475/meshgrid_impl.lean,https://github.com/Beneficial-AI-Foundation/vericoding/blob/main/lean-vc/numpy_hoare_triple/array_creation/code_from_spec_on_28-07_11h38_pid68475/debug/meshgrid
zeros_like.lean,failed,1,https://github.com/Beneficial-AI-Foundation/vericoding/blob/main/lean-vc/numpy_hoare_triple/array_creation/zeros_like.lean,https://github.com/Beneficial-AI-Foundation/vericoding/blob/main/lean-vc/numpy_hoare_triple/array_creation/code_from_spec_on_28-07_11h38_pid68475/zeros_like_impl.lean,https://github.com/Beneficial-AI-Foundation/vericoding/blob/main/lean-vc/numpy_hoare_triple/array_creation/code_from_spec_on_28-07_11h38_pid68475/debug/zeros_like
eye.lean,failed,1,https://github.com/Beneficial-AI-Foundation/vericoding/blob/main/lean-vc/numpy_hoare_triple/array_creation/eye.lean,https://github.com/Beneficial-AI-Foundation/vericoding/blob/main/lean-vc/numpy_hoare_triple/array_creation/code_from_spec_on_28-07_11h38_pid68475/eye_impl.lean,https://github.com/Beneficial-AI-Foundation/vericoding/blob/main/lean-vc/numpy_hoare_triple/array_creation/code_from_spec_on_28-07_11h38_pid68475/debug/eye
bmat.lean,failed,1,https://github.com/Beneficial-AI-Foundation/vericoding/blob/main/lean-vc/numpy_hoare_triple/array_creation/bmat.lean,https://github.com/Beneficial-AI-Foundation/vericoding/blob/main/lean-vc/numpy_hoare_triple/array_creation/code_from_spec_on_28-07_11h38_pid68475/bmat_impl.lean,https://github.com/Beneficial-AI-Foundation/vericoding/blob/main/lean-vc/numpy_hoare_triple/array_creation/code_from_spec_on_28-07_11h38_pid68475/debug/bmat
ogrid.lean,failed,1,https://github.com/Beneficial-AI-Foundation/vericoding/blob/main/lean-vc/numpy_hoare_triple/array_creation/ogrid.lean,https://github.com/Beneficial-AI-Foundation/vericoding/blob/main/lean-vc/numpy_hoare_triple/array_creation/code_from_spec_on_28-07_11h38_pid68475/ogrid_impl.lean,https://github.com/Beneficial-AI-Foundation/vericoding/blob/main/lean-vc/numpy_hoare_triple/array_creation/code_from_spec_on_28-07_11h38_pid68475/debug/ogrid
ones.lean,failed,1,https://github.com/Beneficial-AI-Foundation/vericoding/blob/main/lean-vc/numpy_hoare_triple/array_creation/ones.lean,https://github.com/Beneficial-AI-Foundation/vericoding/blob/main/lean-vc/numpy_hoare_triple/array_creation/code_from_spec_on_28-07_11h38_pid68475/ones_impl.lean,https://github.com/Beneficial-AI-Foundation/vericoding/blob/main/lean-vc/numpy_hoare_triple/array_creation/code_from_spec_on_28-07_11h38_pid68475/debug/ones
linspace.lean,failed,1,https://github.com/Beneficial-AI-Foundation/vericoding/blob/main/lean-vc/numpy_hoare_triple/array_creation/linspace.lean,https://github.com/Beneficial-AI-Foundation/vericoding/blob/main/lean-vc/numpy_hoare_triple/array_creation/code_from_spec_on_28-07_11h38_pid68475/linspace_impl.lean,https://github.com/Beneficial-AI-Foundation/vericoding/blob/main/lean-vc/numpy_hoare_triple/array_creation/code_from_spec_on_28-07_11h38_pid68475/debug/linspace
fromstring.lean,failed,1,https://github.com/Beneficial-AI-Foundation/vericoding/blob/main/lean-vc/numpy_hoare_triple/array_creation/fromstring.lean,https://github.com/Beneficial-AI-Foundation/vericoding/blob/main/lean-vc/numpy_hoare_triple/array_creation/code_from_spec_on_28-07_11h38_pid68475/fromstring_impl.lean,https://github.com/Beneficial-AI-Foundation/vericoding/blob/main/lean-vc/numpy_hoare_triple/array_creation/code_from_spec_on_28-07_11h38_pid68475/debug/fromstring
fromfunction.lean,failed,1,https://github.com/Beneficial-AI-Foundation/vericoding/blob/main/lean-vc/numpy_hoare_triple/array_creation/fromfunction.lean,https://github.com/Beneficial-AI-Foundation/vericoding/blob/main/lean-vc/numpy_hoare_triple/array_creation/code_from_spec_on_28-07_11h38_pid68475/fromfunction_impl.lean,https://github.com/Beneficial-AI-Foundation/vericoding/blob/main/lean-vc/numpy_hoare_triple/array_creation/code_from_spec_on_28-07_11h38_pid68475/debug/fromfunction
empty.lean,failed,1,https://github.com/Beneficial-AI-Foundation/vericoding/blob/main/lean-vc/numpy_hoare_triple/array_creation/empty.lean,https://github.com/Beneficial-AI-Foundation/vericoding/blob/main/lean-vc/numpy_hoare_triple/array_creation/code_from_spec_on_28-07_11h38_pid68475/empty_impl.lean,https://github.com/Beneficial-AI-Foundation/vericoding/blob/main/lean-vc/numpy_hoare_triple/array_creation/code_from_spec_on_28-07_11h38_pid68475/debug/empty
from_dlpack.lean,failed,1,https://github.com/Beneficial-AI-Foundation/vericoding/blob/main/lean-vc/numpy_hoare_triple/array_creation/from_dlpack.lean,https://github.com/Beneficial-AI-Foundation/vericoding/blob/main/lean-vc/numpy_hoare_triple/array_creation/code_from_spec_on_28-07_11h38_pid68475/from_dlpack_impl.lean,https://github.com/Beneficial-AI-Foundation/vericoding/blob/main/lean-vc/numpy_hoare_triple/array_creation/code_from_spec_on_28-07_11h38_pid68475/debug/from_dlpack
asmatrix.lean,failed,1,https://github.com/Beneficial-AI-Foundation/vericoding/blob/main/lean-vc/numpy_hoare_triple/array_creation/asmatrix.lean,https://github.com/Beneficial-AI-Foundation/vericoding/blob/main/lean-vc/numpy_hoare_triple/array_creation/code_from_spec_on_28-07_11h38_pid68475/asmatrix_impl.lean,https://github.com/Beneficial-AI-Foundation/vericoding/blob/main/lean-vc/numpy_hoare_triple/array_creation/code_from_spec_on_28-07_11h38_pid68475/debug/asmatrix
copy.lean,failed,1,https://github.com/Beneficial-AI-Foundation/vericoding/blob/main/lean-vc/numpy_hoare_triple/array_creation/copy.lean,https://github.com/Beneficial-AI-Foundation/vericoding/blob/main/lean-vc/numpy_hoare_triple/array_creation/code_from_spec_on_28-07_11h38_pid68475/copy_impl.lean,https://github.com/Beneficial-AI-Foundation/vericoding/blob/main/lean-vc/numpy_hoare_triple/array_creation/code_from_spec_on_28-07_11h38_pid68475/debug/copy
asanyarray.lean,failed,1,https://github.com/Beneficial-AI-Foundation/vericoding/blob/main/lean-vc/numpy_hoare_triple/array_creation/asanyarray.lean,https://github.com/Beneficial-AI-Foundation/vericoding/blob/main/lean-vc/numpy_hoare_triple/array_creation/code_from_spec_on_28-07_11h38_pid68475/asanyarray_impl.lean,https://github.com/Beneficial-AI-Foundation/vericoding/blob/main/lean-vc/numpy_hoare_triple/array_creation/code_from_spec_on_28-07_11h38_pid68475/debug/asanyarray
loadtxt.lean,failed,1,https://github.com/Beneficial-AI-Foundation/vericoding/blob/main/lean-vc/numpy_hoare_triple/array_creation/loadtxt.lean,https://github.com/Beneficial-AI-Foundation/vericoding/blob/main/lean-vc/numpy_hoare_triple/array_creation/code_from_spec_on_28-07_11h38_pid68475/loadtxt_impl.lean,https://github.com/Beneficial-AI-Foundation/vericoding/blob/main/lean-vc/numpy_hoare_triple/array_creation/code_from_spec_on_28-07_11h38_pid68475/debug/loadtxt
geomspace.lean,failed,1,https://github.com/Beneficial-AI-Foundation/vericoding/blob/main/lean-vc/numpy_hoare_triple/array_creation/geomspace.lean,https://github.com/Beneficial-AI-Foundation/vericoding/blob/main/lean-vc/numpy_hoare_triple/array_creation/code_from_spec_on_28-07_11h38_pid68475/geomspace_impl.lean,https://github.com/Beneficial-AI-Foundation/vericoding/blob/main/lean-vc/numpy_hoare_triple/array_creation/code_from_spec_on_28-07_11h38_pid68475/debug/geomspace
fromfile.lean,failed,1,https://github.com/Beneficial-AI-Foundation/vericoding/blob/main/lean-vc/numpy_hoare_triple/array_creation/fromfile.lean,https://github.com/Beneficial-AI-Foundation/vericoding/blob/main/lean-vc/numpy_hoare_triple/array_creation/code_from_spec_on_28-07_11h38_pid68475/fromfile_impl.lean,https://github.com/Beneficial-AI-Foundation/vericoding/blob/main/lean-vc/numpy_hoare_triple/array_creation/code_from_spec_on_28-07_11h38_pid68475/debug/fromfile
vander.lean,failed,1,https://github.com/Beneficial-AI-Foundation/vericoding/blob/main/lean-vc/numpy_hoare_triple/array_creation/vander.lean,https://github.com/Beneficial-AI-Foundation/vericoding/blob/main/lean-vc/numpy_hoare_triple/array_creation/code_from_spec_on_28-07_11h38_pid68475/vander_impl.lean,https://github.com/Beneficial-AI-Foundation/vericoding/blob/main/lean-vc/numpy_hoare_triple/array_creation/code_from_spec_on_28-07_11h38_pid68475/debug/vander
diag.lean,failed,1,https://github.com/Beneficial-AI-Foundation/vericoding/blob/main/lean-vc/numpy_hoare_triple/array_creation/diag.lean,https://github.com/Beneficial-AI-Foundation/vericoding/blob/main/lean-vc/numpy_hoare_triple/array_creation/code_from_spec_on_28-07_11h38_pid68475/diag_impl.lean,https://github.com/Beneficial-AI-Foundation/vericoding/blob/main/lean-vc/numpy_hoare_triple/array_creation/code_from_spec_on_28-07_11h38_pid68475/debug/diag
fromiter.lean,failed,1,https://github.com/Beneficial-AI-Foundation/vericoding/blob/main/lean-vc/numpy_hoare_triple/array_creation/fromiter.lean,https://github.com/Beneficial-AI-Foundation/vericoding/blob/main/lean-vc/numpy_hoare_triple/array_creation/code_from_spec_on_28-07_11h38_pid68475/fromiter_impl.lean,https://github.com/Beneficial-AI-Foundation/vericoding/blob/main/lean-vc/numpy_hoare_triple/array_creation/code_from_spec_on_28-07_11h38_pid68475/debug/fromiter
array.lean,failed,1,https://github.com/Beneficial-AI-Foundation/vericoding/blob/main/lean-vc/numpy_hoare_triple/array_creation/array.lean,https://github.com/Beneficial-AI-Foundation/vericoding/blob/main/lean-vc/numpy_hoare_triple/array_creation/code_from_spec_on_28-07_11h38_pid68475/array_impl.lean,https://github.com/Beneficial-AI-Foundation/vericoding/blob/main/lean-vc/numpy_hoare_triple/array_creation/code_from_spec_on_28-07_11h38_pid68475/debug/array
mgrid.lean,failed,1,https://github.com/Beneficial-AI-Foundation/vericoding/blob/main/lean-vc/numpy_hoare_triple/array_creation/mgrid.lean,https://github.com/Beneficial-AI-Foundation/vericoding/blob/main/lean-vc/numpy_hoare_triple/array_creation/code_from_spec_on_28-07_11h38_pid68475/mgrid_impl.lean,https://github.com/Beneficial-AI-Foundation/vericoding/blob/main/lean-vc/numpy_hoare_triple/array_creation/code_from_spec_on_28-07_11h38_pid68475/debug/mgrid
full_like.lean,failed,1,https://github.com/Beneficial-AI-Foundation/vericoding/blob/main/lean-vc/numpy_hoare_triple/array_creation/full_like.lean,https://github.com/Beneficial-AI-Foundation/vericoding/blob/main/lean-vc/numpy_hoare_triple/array_creation/code_from_spec_on_28-07_11h38_pid68475/full_like_impl.lean,https://github.com/Beneficial-AI-Foundation/vericoding/blob/main/lean-vc/numpy_hoare_triple/array_creation/code_from_spec_on_28-07_11h38_pid68475/debug/full_like
zeros.lean,failed,1,https://github.com/Beneficial-AI-Foundation/vericoding/blob/main/lean-vc/numpy_hoare_triple/array_creation/zeros.lean,https://github.com/Beneficial-AI-Foundation/vericoding/blob/main/lean-vc/numpy_hoare_triple/array_creation/code_from_spec_on_28-07_11h38_pid68475/zeros_impl.lean,https://github.com/Beneficial-AI-Foundation/vericoding/blob/main/lean-vc/numpy_hoare_triple/array_creation/code_from_spec_on_28-07_11h38_pid68475/debug/zeros
